<?xml version="1.0" encoding="UTF-8"?><extract_about_property_land><details_statement><group_top_requisites><organ_registr_rights>Филиал публично-правовой компании "Роскадастр" по Республике Татарстан</organ_registr_rights><date_formation>2024-07-03</date_formation><registration_number>КУВИ-001/2024-174945434</registration_number></group_top_requisites></details_statement><details_request><date_received_request>2024-07-03</date_received_request><date_receipt_request_reg_authority_rights>2024-07-03</date_receipt_request_reg_authority_rights></details_request><land_record><record_info><registration_date>2016-06-20T11:31:12+03:00</registration_date></record_info><object><common_data><cad_number>16:52:080201:311</cad_number><quarter_cad_number>16:52:080201</quarter_cad_number><type><code>002001001000</code><value>Земельный участок</value></type></common_data><subtype><code>01</code><value>Землепользование</value></subtype></object><cad_links><ascendant_cad_numbers><ascendant_cad_number><cad_number>16:52:080201:294</cad_number></ascendant_cad_number></ascendant_cad_numbers><included_objects><included_object><cad_number>16:52:080201:220</cad_number></included_object></included_objects></cad_links><params><category><type><code>003002000000</code><value>Земли населенных пунктов</value></type></category><permitted_use><permitted_use_established><by_document>производственная деятельность</by_document></permitted_use_established></permitted_use><area><type><code>009</code><value>Уточненная площадь</value></type><value>7243</value><inaccuracy>30</inaccuracy></area></params><address_location><address><readable_address>Местоположение установлено относительно ориентира, расположенного в границах участка. Почтовый адрес ориентира: Республика Татарстан, г Набережные Челны, ул. Профильная.</readable_address></address></address_location><cad_works><cad_work><fio_cad_ingineer><surname>Насибуллина</surname><name>Альфия</name><patronymic>Нурулловна</patronymic></fio_cad_ingineer><cadastral_engineer_snils>000-000-000 00</cadastral_engineer_snils><date_cadastral>2016-06-15</date_cadastral></cad_work></cad_works><zones_and_boundaries><special_use_boundaries><special_use_boundary><reg_numb_border>16:00-6.4121</reg_numb_border></special_use_boundary><special_use_boundary><reg_numb_border>16:00-6.2726</reg_numb_border></special_use_boundary><special_use_boundary><reg_numb_border>16:39-6.2604</reg_numb_border></special_use_boundary><special_use_boundary><reg_numb_border>16:39-6.2607</reg_numb_border></special_use_boundary><special_use_boundary><reg_numb_border>16:39-6.2605</reg_numb_border></special_use_boundary><special_use_boundary><reg_numb_border>16:39-6.2600</reg_numb_border></special_use_boundary></special_use_boundaries></zones_and_boundaries><cost><value>3503118.24</value></cost><object_parts><object_part><part_number>1</part_number><entry_date>2016-06-20</entry_date><contours><contour><entity_spatial><sk_id>МСК-16</sk_id><spatials_elements><spatial_element><ordinates><ordinate><x>460437.52</x><y>2316614.15</y><ord_nmb>1</ord_nmb><delta_geopoint>0.1</delta_geopoint></ordinate><ordinate><x>460436.82</x><y>2316616.02</y><ord_nmb>2</ord_nmb><delta_geopoint>0.1</delta_geopoint></ordinate><ordinate><x>460504.78</x><y>2316641.15</y><ord_nmb>3</ord_nmb></ordinate><ordinate><x>460503.61</x><y>2316638.59</y><ord_nmb>4</ord_nmb></ordinate><ordinate><x>460437.52</x><y>2316614.15</y><ord_nmb>1</ord_nmb><delta_geopoint>0.1</delta_geopoint></ordinate></ordinates></spatial_element></spatials_elements></entity_spatial></contour></contours><area><type><code>002</code><value>Общая площадь</value></type><value>143</value></area></object_part><object_part><part_number>2</part_number><entry_date>2021-06-15</entry_date><contours><contour><entity_spatial><spatials_elements><spatial_element><ordinates><ordinate><x>460503.61</x><y>2316638.59</y><ord_nmb>1</ord_nmb></ordinate><ordinate><x>460504.78</x><y>2316641.15</y><ord_nmb>2</ord_nmb></ordinate><ordinate><x>460436.82</x><y>2316616.02</y><ord_nmb>3</ord_nmb></ordinate><ordinate><x>460437.52</x><y>2316614.15</y><ord_nmb>4</ord_nmb></ordinate><ordinate><x>460503.61</x><y>2316638.59</y><ord_nmb>1</ord_nmb></ordinate></ordinates></spatial_element></spatials_elements></entity_spatial></contour></contours><area><type><code>002</code><value>Общая площадь</value></type><value>143</value></area><content_restrictions><reg_numb_border><reg_number>16:00-6.2726</reg_number></reg_numb_border></content_restrictions></object_part><object_part><part_number>3</part_number><entry_date>2024-06-11</entry_date><contours><contour><entity_spatial><spatials_elements><spatial_element><ordinates><ordinate><x>460486.06</x><y>2316597.75</y><ord_nmb>1</ord_nmb></ordinate><ordinate><x>460436.6</x><y>2316643.95</y><ord_nmb>2</ord_nmb></ordinate><ordinate><x>460398.75</x><y>2316657</y><ord_nmb>3</ord_nmb></ordinate><ordinate><x>460382.02</x><y>2316600.68</y><ord_nmb>4</ord_nmb></ordinate><ordinate><x>460479.9</x><y>2316583.3</y><ord_nmb>5</ord_nmb></ordinate><ordinate><x>460486.06</x><y>2316597.75</y><ord_nmb>6</ord_nmb></ordinate></ordinates></spatial_element></spatials_elements></entity_spatial></contour></contours><area><type><code>002</code><value>Общая площадь</value></type><value>4267</value></area><content_restrictions><reg_numb_border><reg_number>16:39-6.2600</reg_number></reg_numb_border></content_restrictions></object_part></object_parts><contours_location><contours><contour><number_pp>1</number_pp><cad_number>16:52:080201:311</cad_number><entity_spatial><sk_id>МСК-16</sk_id><spatials_elements><spatial_element><ordinates><ordinate><x>460479.9</x><y>2316583.3</y><ord_nmb>1</ord_nmb><num_geopoint>н 4</num_geopoint><delta_geopoint>0.1</delta_geopoint></ordinate><ordinate><x>460382.02</x><y>2316600.68</y><ord_nmb>2</ord_nmb><num_geopoint>н 3</num_geopoint><delta_geopoint>0.1</delta_geopoint></ordinate><ordinate><x>460398.75</x><y>2316657</y><ord_nmb>3</ord_nmb><num_geopoint>н 5</num_geopoint><delta_geopoint>0.1</delta_geopoint></ordinate><ordinate><x>460437.72</x><y>2316643.56</y><ord_nmb>4</ord_nmb><num_geopoint>н 6</num_geopoint><delta_geopoint>0.1</delta_geopoint></ordinate><ordinate><x>460450.93</x><y>2316676.72</y><ord_nmb>5</ord_nmb><num_geopoint>н 7</num_geopoint><delta_geopoint>0.1</delta_geopoint></ordinate><ordinate><x>460509.47</x><y>2316651.36</y><ord_nmb>6</ord_nmb><num_geopoint>н 8</num_geopoint><delta_geopoint>0.1</delta_geopoint></ordinate><ordinate><x>460501.64</x><y>2316634.29</y><ord_nmb>7</ord_nmb><num_geopoint>21</num_geopoint><delta_geopoint>0.1</delta_geopoint></ordinate><ordinate><x>460479.9</x><y>2316583.3</y><ord_nmb>1</ord_nmb><num_geopoint>н 4</num_geopoint><delta_geopoint>0.1</delta_geopoint></ordinate></ordinates></spatial_element></spatials_elements></entity_spatial></contour></contours><borders><border><by_definition><nmb_contour>1</nmb_contour><spatial_element>1</spatial_element><point1>1</point1><point2>2</point2></by_definition><direction_angle>66°54.5`</direction_angle><horizontal_distance>55.43</horizontal_distance><cadastral_numbs_adjacent_parcels><cadastral_numb_adjacent_parcel><cad_number>16:52:080201:57(1)</cad_number></cadastral_numb_adjacent_parcel></cadastral_numbs_adjacent_parcels></border><border><by_definition><nmb_contour>1</nmb_contour><spatial_element>1</spatial_element><point1>2</point1><point2>3</point2></by_definition><direction_angle>65°21.5`</direction_angle><horizontal_distance>18.78</horizontal_distance><cadastral_numbs_adjacent_parcels><cadastral_numb_adjacent_parcel><cad_number>16:52:080201:57(1)</cad_number></cadastral_numb_adjacent_parcel></cadastral_numbs_adjacent_parcels></border><border><by_definition><nmb_contour>1</nmb_contour><spatial_element>1</spatial_element><point1>3</point1><point2>4</point2></by_definition><direction_angle>156°34.6`</direction_angle><horizontal_distance>63.8</horizontal_distance><cadastral_numbs_adjacent_parcels><cadastral_numb_adjacent_parcel><cad_number>16:52:080201:309(1)</cad_number></cadastral_numb_adjacent_parcel></cadastral_numbs_adjacent_parcels></border><border><by_definition><nmb_contour>1</nmb_contour><spatial_element>1</spatial_element><point1>4</point1><point2>5</point2></by_definition><direction_angle>248°16.7`</direction_angle><horizontal_distance>35.69</horizontal_distance><cadastral_numbs_adjacent_parcels><cadastral_numb_adjacent_parcel><cad_number>16:52:080201:309(1)</cad_number></cadastral_numb_adjacent_parcel></cadastral_numbs_adjacent_parcels></border><border><by_definition><nmb_contour>1</nmb_contour><spatial_element>1</spatial_element><point1>5</point1><point2>6</point2></by_definition><direction_angle>160°58.3`</direction_angle><horizontal_distance>41.22</horizontal_distance><cadastral_numbs_adjacent_parcels><cadastral_numb_adjacent_parcel><cad_number>16:52:080201:309(1)</cad_number></cadastral_numb_adjacent_parcel></cadastral_numbs_adjacent_parcels></border><border><by_definition><nmb_contour>1</nmb_contour><spatial_element>1</spatial_element><point1>6</point1><point2>7</point2></by_definition><direction_angle>253°27.4`</direction_angle><horizontal_distance>58.75</horizontal_distance><cadastral_numbs_adjacent_parcels><cadastral_numb_adjacent_parcel><cad_number>16:52:080201:312(1)</cad_number></cadastral_numb_adjacent_parcel></cadastral_numbs_adjacent_parcels></border><border><by_definition><nmb_contour>1</nmb_contour><spatial_element>1</spatial_element><point1>7</point1><point2>1</point2></by_definition><direction_angle>349°55.9`</direction_angle><horizontal_distance>99.41</horizontal_distance><cadastral_numbs_adjacent_parcels><cadastral_numb_adjacent_parcel><cad_number>16:52:080201:310(1)</cad_number></cadastral_numb_adjacent_parcel></cadastral_numbs_adjacent_parcels></border></borders></contours_location><special_notes>Для данного земельного участка обеспечен доступ посредством земельного участка (земельных участков) с кадастровым номером (кадастровыми номерами): 16:52:080201:309, 16:52:080201:313, 16:52:080201:314. Посредством данного земельного участка обеспечен доступ к земельному участку (земельным участкам) с кадастровым номером (кадастровыми номерами): 16:52:080201:310. Сведения об ограничениях права на объект недвижимости, обременениях данного объекта, не зарегистрированных в реестре прав, ограничений прав и обременений недвижимого имущества: Вид ограничения (обременения): Ограничения прав на земельный участок, предусмотренные статьей 56 Земельного кодекса Российской Федерации; срок действия: c 15.06.2016; Реквизиты документа-основания: Техническая документация от 2006-06-19 № б/н выдан: РГУП "БТИ" Межрайонный филиал №8. Вид ограничения (обременения): Ограничения прав на земельный участок, предусмотренные статьей 56 Земельного кодекса Российской Федерации; срок действия: c 26.01.2021; Реквизиты документа-основания: Об установлении санитарно-защитной зоны объекта Асфальтобетонный завод (АБЗ) Челнинского филиала АО "Татавтодор", расположенного по адресу: Российская Федерация, Республика Татарстан, г.Набережные Челны, район БСИ от 2020-05-14 № 02/9365-2020-27 выдан: Управление Роспотребнадзора по Республике Татарстан. Вид ограничения (обременения): Ограничения прав на земельный участок, предусмотренные статьей 56 Земельного кодекса Российской Федерации; срок действия: c 15.06.2021; Реквизиты документа-основания: Решение о согласовании границ охранной зоны объекта электросетевого хозяйства от 2021-05-27 № 43-18-0165 выдан: Федеральная служба по экологическому, технологическому и атомному надзору (Ростехнадзор). Вид ограничения (обременения): Ограничения прав на земельный участок, предусмотренные статьей 56 Земельного кодекса Российской Федерации; срок действия: c 13.09.2023; Реквизиты документа-основания: Приказ Росавиации от 18.02.2020 № 195-П "Об установлении приаэродромной территории аэродрома Бегишево (Нижнекамск)" от 2020-02-18 № 195-П выдан: ФЕДЕРАЛЬНОЕ АГЕНТСТВО ВОЗДУШНОГО ТРАНСПОРТА (Росавиация). Вид ограничения (обременения): Ограничения прав на земельный участок, предусмотренные статьей 56 Земельного кодекса Российской Федерации; срок действия: c 01.03.2024; Реквизиты документа-основания: Приказ Росавиации от 18.02.2020 № 195-П "Об установлении приаэродромной территории аэродрома Бегишево (Нижнекамск)" от 2020-02-18 № 195-П выдан: ФЕДЕРАЛЬНОЕ АГЕНТСТВО ВОЗДУШНОГО ТРАНСПОРТА (Росавиация). Вид ограничения (обременения): Ограничения прав на земельный участок, предусмотренные статьей 56 Земельного кодекса Российской Федерации; срок действия: c 17.05.2024; Реквизиты документа-основания: Приказ "Об установлении приаэродромной территории аэродрома аэродрома Бегишево (Нижнекамск)" от 2020-02-18 № 195-П выдан: ФЕДЕРАЛЬНОЕ АГЕНТСТВО ВОЗДУШНОГО ТРАНСПОРТА (Росавиация). Вид ограничения (обременения): Ограничения прав на земельный участок, предусмотренные статьей 56 Земельного кодекса Российской Федерации; срок действия: c 11.06.2024; Реквизиты документа-основания: Приказ Росавиации № 661-П от 14.08.2023 г. Об установлении приаэродромной территории аэродрома гражданской авиации Нижнекамск (Бегишево) от 2023-08-14 № 661-П выдан: ФЕДЕРАЛЬНОЕ АГЕНТСТВО ВОЗДУШНОГО ТРАНСПОРТА (Росавиация; Приказ Росавиации от 18.02.2020 № 195-П "Об установлении приаэродромной территории аэродрома Бегишево (Нижнекамск)" от 2020-02-18 № 195-П выдан: ФЕДЕРАЛЬНОЕ АГЕНТСТВО ВОЗДУШНОГО ТРАНСПОРТА (Росавиация.</special_notes><restrictions_encumbrances><restriction_encumbrance><encumbrance_type><code>022004000000</code><value>Ограничения прав на земельный участок, предусмотренные статьей 56 Земельного кодекса Российской Федерации</value></encumbrance_type><part_number>1</part_number><cad_link><reg_number_border><number>16.00.2.3184</number></reg_number_border></cad_link><content_restrict_encumbrances>В охранных зонах, установленных для объектов электросетевого хозяйства напряжением до 1000 вольт без письменного решения о согласовании сетевых организаций юридическим и физическим лицам запрещаются: а) строительство, капитальный ремонт, реконструкция или снос зданий и сооружений; б) горные, взрывные, мелиоративные работы, в том числе связанные с временным затоплением земель; в) посадка и вырубка деревьев и кустарников; г) дноуглубительные, землечерпальные и погрузочно-разгрузочные работы, добыча рыбы, других водных животных и растений придонными орудиями лова, устройство водопоев, колка и заготовка льда (в охранных зонах подводных кабельных линий электропередачи); д) проход судов, у которых расстояние по вертикали от верхнего крайнего габарита с грузом или без груза до нижней точки провеса проводов переходов воздушных линий электропередачи через водоемы менее минимально допустимого расстояния, в том числе с учетом максимального уровня подъема воды при паводке; е) проезд машин и механизмов, имеющих общую высоту с грузом или без груза от поверхности дороги более 4,5 метра (в охранных зонах воздушных линий электропередачи); ж) земляные работы на глубине более 0,3 метра (на вспахиваемых землях на глубине более 0,45 метра), а также планировка грунта (в охранных зонах подземных кабельных линий электропередачи); з) полив сельскохозяйственных культур в случае, если высота струи воды может составить свыше 3 метров (в охранных зонах воздушных линий электропередачи); и) полевые сельскохозяйственные работы с применением сельскохозяйственных машин и оборудования высотой более 4 метров (в охранных зонах воздушных линий электропередачи) или полевые сельскохозяйственные работы, связанные с вспашкой земли (в охранных зонах кабельных линий электропередачи). к) размещать детские и спортивные площадки, стадионы, рынки, торговые точки, полевые станы, загоны для скота, гаражи и стоянки всех видов машин и механизмов (в охранных зонах воздушных линий электропередачи); л) складировать или размещать хранилища любых, в том числе горюче-смазочных, материалов; м) устраивать причалы для стоянки судов, барж и плавучих кранов, бросать якоря с судов и осуществлять их проход с отданными якорями, цепями, лотами, волокушами и тралами (в охранных зонах подводных кабельных линий электропередачи).</content_restrict_encumbrances><underlying_docs><underlying_document><document_code><code>558221040000</code><value>Документ, содержащий необходимые для внесения в государственный кадастр недвижимости сведения об установлении или изменении территориальной зоны или зоны с особыми условиями использования территорий, либо об отмене установления такой зоны</value></document_code><document_name>Техническая документация</document_name><document_number>б/н</document_number><document_date>2006-06-19</document_date><document_issuer>РГУП "БТИ" Межрайонный филиал №8</document_issuer></underlying_document></underlying_docs><starting_date>2016-06-15</starting_date></restriction_encumbrance><restriction_encumbrance><encumbrance_type><code>022004000000</code><value>Ограничения прав на земельный участок, предусмотренные статьей 56 Земельного кодекса Российской Федерации</value></encumbrance_type><cad_link><reg_number_border><number>16:00-6.4121</number><name_by_doc>Санитарно-защитная зона производственной базы (АБЗ) Челнинского филиала АО "Татавтодор"</name_by_doc><type_zone><code>218020030005</code><value>Санитарно-защитная зона предприятий, сооружений и иных объектов</value></type_zone></reg_number_border></cad_link><content_restrict_encumbrances>Ограничения установлены согласно п.2 Решения Об установлении санитарно-защитной зоны для асфальтобетонного завода (АБЗ) Челнинского филиала АО "Татавтодор" от 29.04.2019 г. №133-РС33 Федеральной службы по надзору в сфере защиты прав потребителей и благополучия человека: 2. Установить ограничения использования земельных участков, расположенных в границах санитарно-защитной зоны для асфальто-бетонного завода (АБЗ) Челнинского филиала АО "Татавтодор", согласно которым не допускается использование земельных участков в границах указанной санитарно-защитной зоны в целях: 2.1. размещения жилой застройки, объектов образовательного и медицинского назначения, спортивных сооружений открытого типа, организаций отдыха детей и их оздоровления, зон рекреационного назначения и для ведения дачного хозяйства и садоводства; 2.2. размещения объектов для производства и хранения лекарственных средств, объектов пищевых отраслей промышленности, оптовых складов продовольственного сырья и пищевой продукции, комплексов водопроводных сооружений для подготовки и хранения питьевой воды, использования земельных участков в целях производства, хранения и переработки сельскохозяйственной продукции, предназначенной для дальнейшего использования в качестве пищевой продукции.</content_restrict_encumbrances><underlying_docs><underlying_document><document_code><code>558402990000</code><value>Иной документ</value></document_code><document_name>Об установлении санитарно-защитной зоны объекта Асфальтобетонный завод (АБЗ) Челнинского филиала АО "Татавтодор", расположенного по адресу: Российская Федерация, Республика Татарстан, г.Набережные Челны, район БСИ</document_name><document_number>02/9365-2020-27</document_number><document_date>2020-05-14</document_date><document_issuer>Управление Роспотребнадзора по Республике Татарстан</document_issuer></underlying_document></underlying_docs><starting_date>2021-01-26</starting_date></restriction_encumbrance><restriction_encumbrance><encumbrance_type><code>022004000000</code><value>Ограничения прав на земельный участок, предусмотренные статьей 56 Земельного кодекса Российской Федерации</value></encumbrance_type><part_number>2</part_number><cad_link><reg_number_border><number>16:00-6.2726</number><name_by_doc>Охранная зона "ВКЛ 6 кВ Сидоровка ф.413"</name_by_doc><type_zone><code>218020020006</code><value>Охранная зона инженерных коммуникаций</value></type_zone></reg_number_border></cad_link><content_restrict_encumbrances>Постановлением Правительства Российской Федерации №160 от 24.02.2009 г."О порядке установления охранных зон объектов электросетевого хозяйства и особых условий использования земельных участков, расположенных в границах таких зон". В охранных зонах запрещается осуществлять любые действия, которые могут нарушить безопасную работу объектов электросетевого хозяйства, в том числе привести к их повреждению или уничтожению, и (или) повлечь причинение вреда жизни, здоровью граждан и имуществу физических или юридических лиц, а также повлечь нанесение экологического ущерба и возникновение пожаров, в том числе: а) набрасывать на провода и опоры воздушных линий электропередачи посторонние предметы, а также подниматься на опоры воздушных линий электропередачи; б) размещать любые объекты и предметы (материалы) в пределах созданных в соответствии с требованиями нормативно-технических документов проходов и подъездов для доступа к объектам электросетевого хозяйства, а также проводить любые работы и возводить сооружения, которые могут препятствовать доступу к объектам электросетевого хозяйства, без создания необходимых для такого доступа проходов и подъездов; в) находиться в пределах огороженной территории и помещениях распределительных устройств и подстанций, открывать двери и люки распределительных устройств и подстанций, производить переключения и подключения в электрических сетях (указанное требование не распространяется на работников, занятых выполнением разрешенных в установленном порядке работ), разводить огонь в пределах охранных зон вводных и распределительных устройств, подстанций, воздушных линий электропередачи, а также в охранных зонах кабельных линий электропередачи; г) размещать свалки; д) производить работы ударными механизмами, сбрасывать тяжести массой свыше 5 тонн, производить сброс и слив едких и коррозионных веществ и горюче-смазочных материалов (в охранных зонах подземных кабельных линий электропередачи).</content_restrict_encumbrances><underlying_docs><underlying_document><document_code><code>558402990000</code><value>Иной документ</value></document_code><document_name>Решение о согласовании границ охранной зоны объекта электросетевого хозяйства</document_name><document_number>43-18-0165</document_number><document_date>2021-05-27</document_date><document_issuer>Федеральная служба по экологическому, технологическому и атомному надзору (Ростехнадзор)</document_issuer></underlying_document></underlying_docs><starting_date>2021-06-15</starting_date></restriction_encumbrance><restriction_encumbrance><encumbrance_type><code>022004000000</code><value>Ограничения прав на земельный участок, предусмотренные статьей 56 Земельного кодекса Российской Федерации</value></encumbrance_type><cad_link><reg_number_border><number>16:39-6.2604</number><name_by_doc>Третья подзона приаэродромной территории аэродрома гражданской авиации Нижнекамск (Бегишево)</name_by_doc><type_zone><code>218020020005</code></type_zone></reg_number_border></cad_link><content_restrict_encumbrances>В пределах третьей подзоны приаэродромной территории запрещается размещать объекты, высота которых превышает ограничения, установленные уполномоченным Правительством Российской Федерации федеральным органом исполнительной власти при установлении соответствующей приаэродромной территории. Для объектов недвижимости, права на которые возникли у граждан или юридических лиц до установления приаэродромной территории, и объектов, в отношении которых выдано разрешение на строительство до установления приаэродромной территории (далее – существующие объекты) в целях сохранения законных прав граждан и юридических лиц и обеспечения безопасности полётов в случае превышения установленных ограничений по предельной абсолютной высоте существующих объектов, на каждый существующий объект необходимо наличие согласования строительства объекта в границах приаэродромной территории, выданного уполномоченным органом (далее – Согласование строительства) и документа, подтверждающего отсутствие влияния объекта капитального строительства на безопасность полётов, в том числе и документа, подтверждающего отсутствие влияния объекта капитального строительства на безопасность полётов, в том числе на работу средств радиотехнического обеспечения полётов воздушных судов, подготовленного специализированной организацией, либо научно-исследовательским институтом гражданской авиации, в соответствии с порядком, установленным действующим законодательством РФ (аэронавигационное рассмотрение).</content_restrict_encumbrances><underlying_docs><underlying_document><document_code><code>558402990000</code><value>Иной документ</value></document_code><document_name>Приказ Росавиации от 18.02.2020 № 195-П "Об установлении приаэродромной территории аэродрома Бегишево (Нижнекамск)"</document_name><document_number>195-П</document_number><document_date>2020-02-18</document_date><document_issuer>ФЕДЕРАЛЬНОЕ АГЕНТСТВО ВОЗДУШНОГО ТРАНСПОРТА (Росавиация)</document_issuer></underlying_document></underlying_docs><starting_date>2023-09-13</starting_date></restriction_encumbrance><restriction_encumbrance><encumbrance_type><code>022004000000</code><value>Ограничения прав на земельный участок, предусмотренные статьей 56 Земельного кодекса Российской Федерации</value></encumbrance_type><cad_link><reg_number_border><number>16:39-6.2607</number><name_by_doc>Пятая подзона Приаэродромной территории АО «АЭРОПОРТ БЕГИШЕВО»</name_by_doc><type_zone><code>218020020005</code><value>Охранная зона транспорта</value></type_zone></reg_number_border></cad_link><content_restrict_encumbrances>В пределах пятой подзоны приаэродромной территории запрещается: 1. размещать опасные производственные объекты, определенные Федеральным законом "О промышленной безопасности опасных производственных объектов" № 116-ФЗ, функционирование которых может повлиять на безопасность полетов воздушных судов. 2. вводятся ограничения на строительство опасных производственных объектов, не относящихся к инфраструктуре аэропорта: складов нефти и нефтепродуктов, магистральных трубопроводов: газопроводов, нефтепроводов, нефтепродуктопроводов и сооружений на них. 3. магистральные газопроводы и сооружения на них, из которых возможен выброс или утечка газа в атмосферу, должны располагаться за пределами полос воздушных подходов к аэродромам. Другие опасные производственные объекты, определенные Федеральным законом "О промышленной безопасности опасных производственных объектов", функционирование которых может повлиять на безопасность полетов воздушных судов (компрессорные станции магистральных газопроводов, магистральные трубопроводы сжиженных углеводородных газов, склады вооружений и боеприпасов, АЭС и т.п.) должны располагаться на удалении от границы пятой подзоны, определённом с учетом максимального радиуса зон поражения в случаях происшествий техногенного характера на опасных производственных объектах. Отсутствие влияния на безопасность воздушных судов в границах пятой подзоны приаэродромной территории аэродрома устанавливается на основании декларации промышленной безопасности опасного производственного объекта I -II класса, подготовленной в соответствии с Федеральным законом «О промышленной безопасности опасных производственных объектов (с изменениями на 7 марта 2017 года)» № 116-ФЗ. При невозможности соблюдения нормативных расстояний сооружение опасных производственных объектов должно выполняться на основании специальных технических условий (СТУ), разработанных для конкретного объекта капитального строительства, и содержащих дополнительные технические требования, обеспечивающие безопасную эксплуатацию и функционирование объектов и сооружений.</content_restrict_encumbrances><underlying_docs><underlying_document><document_code><code>558402990000</code><value>Иной документ</value></document_code><document_name>Приказ Росавиации от 18.02.2020 № 195-П "Об установлении приаэродромной территории аэродрома Бегишево (Нижнекамск)"</document_name><document_number>195-П</document_number><document_date>2020-02-18</document_date><document_issuer>ФЕДЕРАЛЬНОЕ АГЕНТСТВО ВОЗДУШНОГО ТРАНСПОРТА (Росавиация)</document_issuer></underlying_document></underlying_docs><starting_date>2024-03-01</starting_date></restriction_encumbrance><restriction_encumbrance><encumbrance_type><code>022004000000</code><value>Ограничения прав на земельный участок, предусмотренные статьей 56 Земельного кодекса Российской Федерации</value></encumbrance_type><cad_link><reg_number_border><number>16:39-6.2605</number><name_by_doc>Приаэродромная территория аэродрома гражданской авиации Нижнекамск (Бегишево)</name_by_doc><type_zone><code>218020020005</code></type_zone></reg_number_border></cad_link><content_restrict_encumbrances>в пределах Приаэродромной территории (в целях обеспечения безопасности полетов и исключения вредного воздействия на здоровье людей и деятельность организаций) устанавливается зона с особыми условиями использования территории (ЗОУИТ) в составе семи подзон</content_restrict_encumbrances><underlying_docs><underlying_document><document_code><code>558402990000</code><value>Иной документ</value></document_code><document_name>Приказ "Об установлении приаэродромной территории аэродрома аэродрома Бегишево (Нижнекамск)"</document_name><document_number>195-П</document_number><document_date>2020-02-18</document_date><document_issuer>ФЕДЕРАЛЬНОЕ АГЕНТСТВО ВОЗДУШНОГО ТРАНСПОРТА (Росавиация)</document_issuer></underlying_document></underlying_docs><starting_date>2024-05-17</starting_date></restriction_encumbrance><restriction_encumbrance><encumbrance_type><code>022004000000</code><value>Ограничения прав на земельный участок, предусмотренные статьей 56 Земельного кодекса Российской Федерации</value></encumbrance_type><part_number>3</part_number><cad_link><reg_number_border><number>16:39-6.2600</number><name_by_doc>Четвёртая подзона Приаэродромной территории АО «АЭРОПОРТ БЕГИШЕВО»»</name_by_doc><type_zone><code>218020020005</code></type_zone></reg_number_border></cad_link><content_restrict_encumbrances>В пределах четвертой подзоны приаэродромной территории запрещается: 1. размещать объекты, создающие помехи в работе наземных средств и систем обслуживания воздушного движения, навигации, посадки и связи, предназначенных для организации воздушного движения и расположенных вне первой подзоны. 2. без согласования с оператором аэродрома размещение объектов, превышающих высотные ограничения: сектор 1 от 204 м до 204 м. сектор 2 от 176 м до 176 м. сектор 3 от 198 м до 198 м; сектор 4 от 191 м до 191 м; сектор 5 от 205 м до 205 м. сектор 6 от 196 м до 196 м. сектор 7 от 219 м до 219 м. сектор 8 от 181 м до 181 м. сектор 9 от 165 м до 165 м. сектор 10 от 198 м до 214 м. сектор 11 от 214 м до 218 м. сектор 12 от 218 м до 223 м. сектор 13 от 223 м до 227 м. сектор 14 от 227 м до 231 м. сектор 15 от 231 м до 236 м. сектор 16 от 236 м до 240 м. сектор 17 от 240 м до 245 м. сектор 18 от 245 м до 249 м. сектор 19 от 249 м до 253 м. сектор 20 от 253 м до 258 м. сектор 21 от 258 м до 262 м. сектор 22 от 262 м до 266 м. сектор 23 от 266 м до 271 м. сектор 24 от 271 м до 275 м. сектор 25 от 275 м до 279 м. сектор 26 от 279 м до 284 м. сектор 27 от 284 м до 288 м. сектор 28 от 288 м до 293 м. сектор 29 от 293 м до 297 м. сектор 30 от 297 м до 301 м. сектор 31 от 301 м до 306 м. сектор 32 от 306 м до 310 м. сектор 33 от 310 м до 314 м. сектор 34 от 314 м до 319 м. сектор 35 от 319 м до 323 м. сектор 36 от 323 м до 327 м. сектор 37 от 327 м до 332 м. сектор 38 от 332 м до 336 м. сектор 39 от 196 м до 211 м. сектор 40 от 196 м до 202 м. сектор 41 от 202 м до 209 м. сектор 42 от 209 м до 215 м. сектор 43 от 215 м до 222 м. сектор 44 от 222 м до 228 м. сектор 45 от 228 м до 235 м. сектор 46 от 235 м до 241 м. сектор 47 от 241 м до 248 м. сектор 48 от 248 м до 254 м. сектор 49 от 254 м до 261 м. сектор 50 от 261 м до 266 м. сектор 51 от 336 м до 378 м. сектор 52 от 378 м до 384 м. сектор 53 от 336 м до 404 м. сектор 54 от 404 м до 411 м. сектор 55 от 411 м до 417 м. сектор 56 от 586 м до 597 м. сектор 57 от 597 м до 612 м. сектор 58 от 612 м до 627 м. сектор 59 от 627 м до 642 м. сектор 60 от 642 м до 657 м. сектор 61 от 657 м до 672 м. сектор 62 от 672 м до 687 м. сектор 63 от 687 м до 702 м. сектор 64 от 702 м до 717 м.</content_restrict_encumbrances><underlying_docs><underlying_document><document_code><code>558401020000</code><value>Акты органов государственной власти или органов местного самоуправления</value></document_code><document_name>Приказ Росавиации № 661-П от 14.08.2023 г. Об установлении приаэродромной территории аэродрома гражданской авиации Нижнекамск (Бегишево)</document_name><document_number>661-П</document_number><document_date>2023-08-14</document_date><document_issuer>ФЕДЕРАЛЬНОЕ АГЕНТСТВО ВОЗДУШНОГО ТРАНСПОРТА (Росавиация</document_issuer></underlying_document><underlying_document><document_code><code>558401020000</code><value>Акты органов государственной власти или органов местного самоуправления</value></document_code><document_name>Приказ Росавиации от 18.02.2020 № 195-П "Об установлении приаэродромной территории аэродрома Бегишево (Нижнекамск)"</document_name><document_number>195-П</document_number><document_date>2020-02-18</document_date><document_issuer>ФЕДЕРАЛЬНОЕ АГЕНТСТВО ВОЗДУШНОГО ТРАНСПОРТА (Росавиация</document_issuer></underlying_document></underlying_docs><starting_date>2024-06-11</starting_date></restriction_encumbrance></restrictions_encumbrances></land_record><right_records><right_record><record_info><registration_date>2016-09-14T13:51:09+03:00</registration_date></record_info><right_data><right_type><code>001001000000</code><value>Собственность</value></right_type><right_number>16-16/031-16/099/006/2016-3693/1</right_number></right_data><right_holders><right_holder><legal_entity><entity><resident><name>Общество с ограниченной ответственностью производственное объединение "Начало"</name><inn>1650025928</inn><ogrn>1021602029778</ogrn></resident></entity></legal_entity></right_holder></right_holders></right_record></right_records><restrict_records><restrict_record><record_info><registration_date>2023-11-27T11:28:44+03:00</registration_date></record_info><restrictions_encumbrances_data><restriction_encumbrance_number>16:52:080201:311-16/203/2023-6</restriction_encumbrance_number><restriction_encumbrance_type><code>022003000000</code><value>Запрещение регистрации</value></restriction_encumbrance_type><restricting_rights><restricting_right><number>16:52:080201:311-16.RTRIGHTS.E.35217105060</number><right_number>16-16/031-16/099/006/2016-3693/1</right_number></restricting_right></restricting_rights></restrictions_encumbrances_data><right_holders><right_holder><undefined><undefined>не определено</undefined></undefined></right_holder></right_holders><underlying_documents><underlying_document><document_code><code>558301120000</code><value>Постановление судебного пристава-исполнителя</value></document_code><document_name>Постановление о запрете на совершение действий по регистрации</document_name><document_number>116073/23/16006-ИП</document_number><document_date>2023-11-24</document_date><document_issuer>Ново-Савиновский РОСП г.Казани ГУФССП по Республике Татарстан</document_issuer><special_marks>466567772/1606</special_marks></underlying_document></underlying_documents></restrict_record><restrict_record><record_info><registration_date>2023-11-27T07:23:02+03:00</registration_date></record_info><restrictions_encumbrances_data><restriction_encumbrance_number>16:52:080201:311-16/203/2023-5</restriction_encumbrance_number><restriction_encumbrance_type><code>022003000000</code><value>Запрещение регистрации</value></restriction_encumbrance_type><restricting_rights><restricting_right><number>16:52:080201:311-16.RTRIGHTS.E.35217105060</number><right_number>16-16/031-16/099/006/2016-3693/1</right_number></restricting_right></restricting_rights></restrictions_encumbrances_data><right_holders><right_holder><undefined><undefined>не определено</undefined></undefined></right_holder></right_holders><underlying_documents><underlying_document><document_code><code>558301120000</code><value>Постановление судебного пристава-исполнителя</value></document_code><document_name>Постановление о запрете на совершение действий по регистрации</document_name><document_number>76916/23/16006-ИП</document_number><document_date>2023-11-24</document_date><document_issuer>Ново-Савиновский РОСП г.Казани ГУФССП по Республике Татарстан</document_issuer><special_marks>466567794/1606</special_marks></underlying_document></underlying_documents></restrict_record><restrict_record><record_info><registration_date>2016-11-30T15:22:45+03:00</registration_date></record_info><restrictions_encumbrances_data><restriction_encumbrance_number>16-16/001-16/001/007/2016-9086/1</restriction_encumbrance_number><restriction_encumbrance_type><code>022099000000</code><value>Прочие ограничения прав и обременения объекта недвижимости</value></restriction_encumbrance_type><period><period_info><start_date>2016-11-30</start_date><deal_validity_time>с 30.11.2016</deal_validity_time></period_info></period><restricting_rights><restricting_right><number>16:52:080201:311-16.RTRIGHTS.E.35217105060</number><right_number>16-16/031-16/099/006/2016-3693/1</right_number></restricting_right></restricting_rights></restrictions_encumbrances_data><underlying_documents><underlying_document><document_code><code>558301120000</code><value>Постановление судебного пристава-исполнителя</value></document_code><document_name>Постановление судебного пристава-исполнителя о запрете регистрационных действий в отношении объектов недвижимого имущества</document_name><document_number>48645/16/77037-ИП</document_number><document_date>2016-11-22</document_date><document_issuer>Дмитровский ОСП УФССП России по Москве</document_issuer></underlying_document></underlying_documents></restrict_record></restrict_records><recipient_statement>высоцкий иван юрьевич</recipient_statement><status>Сведения об объекте недвижимости имеют статус "актуальные"</status></extract_about_property_land>