<?xml version="1.0" encoding="UTF-8"?><extract_about_property_land><details_statement><group_top_requisites><organ_registr_rights>Филиал публично-правовой компании "Роскадастр" по Республике Татарстан</organ_registr_rights><date_formation>2024-06-30</date_formation><registration_number>КУВИ-001/2024-171276391</registration_number></group_top_requisites></details_statement><details_request><date_received_request>2024-06-30</date_received_request><date_receipt_request_reg_authority_rights>2024-06-30</date_receipt_request_reg_authority_rights></details_request><land_record><record_info><registration_date>2009-06-19T00:00:00+04:00</registration_date></record_info><object><common_data><cad_number>16:52:080201:99</cad_number><quarter_cad_number>16:52:080201</quarter_cad_number><type><code>002001001000</code><value>Земельный участок</value></type></common_data><subtype><code>01</code><value>Землепользование</value></subtype></object><cad_links><old_numbers><old_number><number_type><code>03</code><value>Кадастровый номер</value></number_type><number>16: 52: 08 02 01: 99</number></old_number></old_numbers></cad_links><params><category><type><code>003002000000</code><value>Земли населенных пунктов</value></type></category><permitted_use><permitted_use_established><by_document>Производственные помещения</by_document></permitted_use_established></permitted_use><area><type><code>009</code><value>Уточненная площадь</value></type><value>624</value><inaccuracy>8.7</inaccuracy></area></params><address_location><address><readable_address>Местоположение установлено относительно ориентира, расположенного в границах участка. Почтовый адрес ориентира: Республика Татарстан, г Набережные Челны, БСИ, район ДОК УПТК КГЭС.</readable_address></address></address_location><cad_works><cad_work><date_cadastral>2009-05-12</date_cadastral></cad_work></cad_works><zones_and_boundaries><special_use_boundaries><special_use_boundary><reg_numb_border>16:52-6.4238</reg_numb_border></special_use_boundary></special_use_boundaries></zones_and_boundaries><cost><value>294563.69</value></cost><object_parts><object_part><part_number>1</part_number><entry_date>2015-04-15</entry_date><contours><contour><entity_spatial><sk_id>МСК-16</sk_id><spatials_elements><spatial_element><ordinates><ordinate><x>460196.19</x><y>2317740.43</y><ord_nmb>1</ord_nmb></ordinate><ordinate><x>460194.66</x><y>2317728.98</y><ord_nmb>2</ord_nmb></ordinate><ordinate><x>460192.68</x><y>2317729.3</y><ord_nmb>3</ord_nmb></ordinate><ordinate><x>460194.21</x><y>2317740.69</y><ord_nmb>4</ord_nmb></ordinate><ordinate><x>460195.76</x><y>2317753.1</y><ord_nmb>5</ord_nmb></ordinate><ordinate><x>460197.74</x><y>2317752.79</y><ord_nmb>6</ord_nmb></ordinate><ordinate><x>460196.19</x><y>2317740.43</y><ord_nmb>1</ord_nmb></ordinate></ordinates></spatial_element></spatials_elements></entity_spatial></contour></contours><area><type><code>002</code><value>Общая площадь</value></type><value>48</value></area></object_part></object_parts><contours_location><contours><contour><cad_number>16:52:080201:99</cad_number><entity_spatial><sk_id>МСК-16</sk_id><spatials_elements><spatial_element><ordinates><ordinate><x>460195.92</x><y>2317728.78</y><ord_nmb>1</ord_nmb><delta_geopoint>0.1</delta_geopoint></ordinate><ordinate><x>460199.74</x><y>2317752.46</y><ord_nmb>2</ord_nmb><delta_geopoint>0.1</delta_geopoint></ordinate><ordinate><x>460199.41</x><y>2317752.52</y><ord_nmb>3</ord_nmb><delta_geopoint>0.1</delta_geopoint></ordinate><ordinate><x>460174.03</x><y>2317756.58</y><ord_nmb>4</ord_nmb><delta_geopoint>0.1</delta_geopoint></ordinate><ordinate><x>460170.22</x><y>2317732.92</y><ord_nmb>5</ord_nmb><delta_geopoint>0.1</delta_geopoint></ordinate><ordinate><x>460195.92</x><y>2317728.78</y><ord_nmb>1</ord_nmb><delta_geopoint>0.1</delta_geopoint></ordinate></ordinates></spatial_element></spatials_elements></entity_spatial></contour></contours><borders><border><by_definition><nmb_contour>1</nmb_contour><spatial_element>1</spatial_element><point1>1</point1><point2>2</point2></by_definition><direction_angle>80°50.2`</direction_angle><horizontal_distance>23.99</horizontal_distance></border><border><by_definition><nmb_contour>1</nmb_contour><spatial_element>1</spatial_element><point1>2</point1><point2>3</point2></by_definition><direction_angle>169°41.7`</direction_angle><horizontal_distance>0.34</horizontal_distance></border><border><by_definition><nmb_contour>1</nmb_contour><spatial_element>1</spatial_element><point1>3</point1><point2>4</point2></by_definition><direction_angle>170°54.7`</direction_angle><horizontal_distance>25.7</horizontal_distance><cadastral_numbs_adjacent_parcels><cadastral_numb_adjacent_parcel><cad_number>16:52:080201:97</cad_number></cadastral_numb_adjacent_parcel></cadastral_numbs_adjacent_parcels></border><border><by_definition><nmb_contour>1</nmb_contour><spatial_element>1</spatial_element><point1>4</point1><point2>5</point2></by_definition><direction_angle>260°51.1`</direction_angle><horizontal_distance>23.96</horizontal_distance><cadastral_numbs_adjacent_parcels><cadastral_numb_adjacent_parcel><cad_number>16:52:080201:43</cad_number></cadastral_numb_adjacent_parcel></cadastral_numbs_adjacent_parcels></border><border><by_definition><nmb_contour>1</nmb_contour><spatial_element>1</spatial_element><point1>5</point1><point2>1</point2></by_definition><direction_angle>350°50.9`</direction_angle><horizontal_distance>26.03</horizontal_distance></border></borders></contours_location><special_notes>Сведения об ограничениях права на объект недвижимости, обременениях данного объекта, не зарегистрированных в реестре прав, ограничений прав и обременений недвижимого имущества: Вид ограничения (обременения): Ограничения прав на земельный участок, предусмотренные статьей 56 Земельного кодекса Российской Федерации; срок действия: c 25.09.2017; Реквизиты документа-основания: Решение №136 об установлении размера санитарно-защитной зоны для предприятия по производству алюминиевых профилей АО "ТАТПРОФ" от 2016-06-06 № 11/11994 выдан: Главный государственный санитарный врач по Республике Татарстан (Татарстан). Вид ограничения (обременения): Ограничения прав на земельный участок, предусмотренные статьей 56 Земельного кодекса Российской Федерации; срок действия: c 15.04.2015; Реквизиты документа-основания: Постановление "Об утверждении описания местоположения границ охранных зон линий электропередачи, принадлежащих ОАО "Сетевая компания", и установлении особых условий использования земельных участков, попадающих в охранные зоны" от 2010-11-11 № 7309 выдан: Исполнительный комитет муниципального образования города Набережные Челны Республики Татарстан. Вид ограничения (обременения): Ограничения прав на земельный участок, предусмотренные статьей 56 Земельного кодекса Российской Федерации; срок действия: c 28.07.2023; Реквизиты документа-основания: Решение "Об установлении санитарно-защитной зоны для котельного цеха базы строительной индустрии филиала АО «Татэнерго» - Набережночелнинская ТЭЦ (КЦБСИ филиала АО «Татэнерго» - Набережночелнинская ТЭЦ), расположенного по адресу: Республика Татарстан, г. Набережные Челны, промышленно-коммунальная зона, проезд Фабричный, зд. 8" от 2023-07-11 № 1020 выдан: Управление Федеральной службы по надзору в сфере защиты прав потребителей и благополучия человека по Республике Татарстан.</special_notes><restrictions_encumbrances><restriction_encumbrance><encumbrance_type><code>022004000000</code><value>Ограничения прав на земельный участок, предусмотренные статьей 56 Земельного кодекса Российской Федерации</value></encumbrance_type><cad_link><reg_number_border><number>16.52.2.2754</number></reg_number_border></cad_link><content_restrict_encumbrances>Общая площадь территории в границах санитарно-защитной зоны для предприятия по производству алюминиевых профилей (производственная база) АО "ТАТПРОФ" составляет 630369 кв.м. Размер санитарно-защитной зоны установлен на основании Решения №136 Главного государственного санитарного врача по Республике Татарстан (Татарстан) №11/11994 от 06.06.2016 следующих размеров: -от границы территории промплощадки на расстоянии 300 м по периметру предприятия. Согласно СанПиН 2.2.1/2.1.1.1200-03 "Санитарно-защитные зоны и санитарная классификация предприятий, сооружений и иных объектов", утвержденным Постановлением Главного государственного санитарного врача РФ №74 от 25.09.2007, в санитарно-защитной зоне не допускается размещать: жилую застройку, включая отдельные жилые дома, ландшафтно-рекреационные зоны, зоны отдыха, территории курортов, санаториев и домов отдыха, территорий садоводческих товариществ и коттеджной застройки, коллективных или индивидуальных дачных и садово-огородных участков, а также других территорий с нормируемыми показателями качества среды обитания;спортивные сооружения, детские площадки, образовательные и детские учреждения, лечебно-профилактические и оздоровительные учреждения общего пользования. В санитарно-защитной зоне и на территории объектов других отраслей промышленности не допускается размещать объекты по производству лекарственных веществ, лекарственных средств и (или) лекарственных форм, склады сырья и полупродуктов для фармацевтических предприятий; объекты пищевых отраслей промышленности, оптовые склады продовольственного сырья и пищевых продуктов, комплексы водопроводных сооружений для подготовки и хранения питьевой воды, которые могут повлиять на качество продукции. Санитарно-защитная зона или какая-либо ее часть не может рассматриваться как резервная территория объекта и использоваться для расширения промышленной или жилой территории без соответствующей корректировки границ санитарно-защитной зоны.</content_restrict_encumbrances><underlying_docs><underlying_document><document_code><code>558401029900</code><value>Иные акты органов государственной власти или органов местного самоуправления</value></document_code><document_name>Решение №136 об установлении размера санитарно-защитной зоны для предприятия по производству алюминиевых профилей АО "ТАТПРОФ"</document_name><document_number>11/11994</document_number><document_date>2016-06-06</document_date><document_issuer>Главный государственный санитарный врач по Республике Татарстан (Татарстан)</document_issuer></underlying_document></underlying_docs><starting_date>2017-09-25</starting_date></restriction_encumbrance><restriction_encumbrance><encumbrance_type><code>022004000000</code><value>Ограничения прав на земельный участок, предусмотренные статьей 56 Земельного кодекса Российской Федерации</value></encumbrance_type><part_number>1</part_number><cad_link><reg_number_border><number>16.52.2.53</number></reg_number_border></cad_link><content_restrict_encumbrances>"Правила установления охранных зон объектов электросетевого хозяйства и особых условий использования земельных участков, расположенных в границах таких зон", утверждены постановлением Правительства Российской Федерации от 24 февраля 2009г. №160.</content_restrict_encumbrances><underlying_docs><underlying_document><document_code><code>558401029900</code><value>Иные акты органов государственной власти или органов местного самоуправления</value></document_code><document_name>Постановление "Об утверждении описания местоположения границ охранных зон линий электропередачи, принадлежащих ОАО "Сетевая компания", и установлении особых условий использования земельных участков, попадающих в охранные зоны"</document_name><document_number>7309</document_number><document_date>2010-11-11</document_date><document_issuer>Исполнительный комитет муниципального образования города Набережные Челны Республики Татарстан</document_issuer></underlying_document></underlying_docs><starting_date>2015-04-15</starting_date></restriction_encumbrance><restriction_encumbrance><encumbrance_type><code>022004000000</code><value>Ограничения прав на земельный участок, предусмотренные статьей 56 Земельного кодекса Российской Федерации</value></encumbrance_type><cad_link><reg_number_border><number>16:52-6.4238</number><name_by_doc>Cанитарно-защитная зона для котельного цеха базы строительной индустрии филиала АО «Татэнерго» - Набережночелнинская ТЭЦ (КЦБСИ филиала АО «Татэнерго» - Набережночелнинская ТЭЦ)</name_by_doc><type_zone><code>218020030005</code><value>Санитарно-защитная зона предприятий, сооружений и иных объектов</value></type_zone></reg_number_border></cad_link><content_restrict_encumbrances>В границах санитарно-защитной зоны не допускается использования земельных участков в целях: а) размещения жилой застройки, объектов образовательного и медицинского назначения, спортивных сооружений открытого типа, организаций отдыха детей и их оздоровления, зон рекреационного назначения и для ведения садоводства; б) размещения объектов для производства и хранения лекарственных средств, объектов пищевых отраслей промышленности, оптовых складов продовольственного сырья и пищевой продукции, комплексов водопроводных сооружений для подготовки и хранения питьевой воды, использования земельных участков в целях производства, хранения и переработки сельскохозяйственной продукции, предназначенной для дальнейшего использования в качестве пищевой продукции.</content_restrict_encumbrances><underlying_docs><underlying_document><document_code><code>558401020000</code><value>Акты органов государственной власти или органов местного самоуправления</value></document_code><document_name>Решение "Об установлении санитарно-защитной зоны для котельного цеха базы строительной индустрии филиала АО «Татэнерго» - Набережночелнинская ТЭЦ (КЦБСИ филиала АО «Татэнерго» - Набережночелнинская ТЭЦ), расположенного по адресу: Республика Татарстан, г. Набережные Челны, промышленно-коммунальная зона, проезд Фабричный, зд. 8"</document_name><document_number>1020</document_number><document_date>2023-07-11</document_date><document_issuer>Управление Федеральной службы по надзору в сфере защиты прав потребителей и благополучия человека по Республике Татарстан</document_issuer></underlying_document></underlying_docs><starting_date>2023-07-28</starting_date></restriction_encumbrance></restrictions_encumbrances></land_record><recipient_statement>высоцкий иван юрьевич</recipient_statement><status>Сведения об объекте недвижимости имеют статус "актуальные"</status></extract_about_property_land>