<?xml version="1.0" encoding="UTF-8"?><extract_about_property_land><details_statement><group_top_requisites><organ_registr_rights>Филиал публично-правовой компании "Роскадастр" по Республике Татарстан</organ_registr_rights><date_formation>2024-06-30</date_formation><registration_number>КУВИ-001/2024-171280745</registration_number></group_top_requisites></details_statement><details_request><date_received_request>2024-06-30</date_received_request><date_receipt_request_reg_authority_rights>2024-06-30</date_receipt_request_reg_authority_rights></details_request><land_record><record_info><registration_date>2016-06-20T11:31:12+03:00</registration_date></record_info><object><common_data><cad_number>16:52:080201:314</cad_number><quarter_cad_number>16:52:080201</quarter_cad_number><type><code>002001001000</code><value>Земельный участок</value></type></common_data><subtype><code>01</code><value>Землепользование</value></subtype></object><cad_links><ascendant_cad_numbers><ascendant_cad_number><cad_number>16:52:080201:294</cad_number></ascendant_cad_number></ascendant_cad_numbers><included_objects><included_object><cad_number>16:52:080201:306</cad_number></included_object></included_objects></cad_links><params><category><type><code>003002000000</code><value>Земли населенных пунктов</value></type></category><permitted_use><permitted_use_established><by_document>под производственную базу</by_document></permitted_use_established></permitted_use><area><type><code>009</code><value>Уточненная площадь</value></type><value>5613</value><inaccuracy>26</inaccuracy></area></params><address_location><address><readable_address>Местоположение установлено относительно ориентира, расположенного в границах участка. Почтовый адрес ориентира: Республика Татарстан, г Набережные Челны, ул. Профильная.</readable_address></address></address_location><cad_works><cad_work><fio_cad_ingineer><surname>Насибуллина</surname><name>Альфия</name><patronymic>Нурулловна</patronymic></fio_cad_ingineer><date_cadastral>2016-06-15</date_cadastral></cad_work></cad_works><zones_and_boundaries><special_use_boundaries><special_use_boundary><reg_numb_border>16:00-6.4121</reg_numb_border></special_use_boundary><special_use_boundary><reg_numb_border>16:39-6.2604</reg_numb_border></special_use_boundary><special_use_boundary><reg_numb_border>16:39-6.2607</reg_numb_border></special_use_boundary><special_use_boundary><reg_numb_border>16:00-6.3324</reg_numb_border></special_use_boundary><special_use_boundary><reg_numb_border>16:39-6.2605</reg_numb_border></special_use_boundary></special_use_boundaries></zones_and_boundaries><cost><value>2689775.42</value></cost><object_parts><object_part><part_number>1</part_number><entry_date>2016-11-09</entry_date><contours><contour><entity_spatial><sk_id>МСК-16</sk_id><spatials_elements><spatial_element><ordinates><ordinate><x>460230.33</x><y>2316889.69</y><ord_nmb>1</ord_nmb><delta_geopoint>0.1</delta_geopoint></ordinate><ordinate><x>460229.22</x><y>2316852.72</y><ord_nmb>2</ord_nmb></ordinate><ordinate><x>460227.08</x><y>2316853.1</y><ord_nmb>3</ord_nmb><delta_geopoint>0.1</delta_geopoint></ordinate><ordinate><x>460217.87</x><y>2316854.73</y><ord_nmb>4</ord_nmb><delta_geopoint>0.1</delta_geopoint></ordinate><ordinate><x>460220.61</x><y>2316869.02</y><ord_nmb>5</ord_nmb><delta_geopoint>0.1</delta_geopoint></ordinate><ordinate><x>460223.52</x><y>2316886.08</y><ord_nmb>6</ord_nmb><delta_geopoint>0.1</delta_geopoint></ordinate><ordinate><x>460226.67</x><y>2316901.63</y><ord_nmb>7</ord_nmb><delta_geopoint>0.1</delta_geopoint></ordinate><ordinate><x>460228.32</x><y>2316901.34</y><ord_nmb>8</ord_nmb></ordinate><ordinate><x>460230.33</x><y>2316889.69</y><ord_nmb>1</ord_nmb><delta_geopoint>0.1</delta_geopoint></ordinate></ordinates></spatial_element></spatials_elements></entity_spatial></contour></contours><area><type><code>002</code><value>Общая площадь</value></type><value>361</value></area></object_part><object_part><part_number>2</part_number><entry_date>2024-03-26</entry_date><contours><contour><entity_spatial><spatials_elements><spatial_element><ordinates><ordinate><x>460228.32</x><y>2316901.34</y><ord_nmb>1</ord_nmb></ordinate><ordinate><x>460226.67</x><y>2316901.63</y><ord_nmb>2</ord_nmb></ordinate><ordinate><x>460223.52</x><y>2316886.08</y><ord_nmb>3</ord_nmb></ordinate><ordinate><x>460220.61</x><y>2316869.02</y><ord_nmb>4</ord_nmb></ordinate><ordinate><x>460217.87</x><y>2316854.73</y><ord_nmb>5</ord_nmb></ordinate><ordinate><x>460227.08</x><y>2316853.1</y><ord_nmb>6</ord_nmb></ordinate><ordinate><x>460229.22</x><y>2316852.72</y><ord_nmb>7</ord_nmb></ordinate><ordinate><x>460230.33</x><y>2316889.69</y><ord_nmb>8</ord_nmb></ordinate><ordinate><x>460228.32</x><y>2316901.34</y><ord_nmb>9</ord_nmb></ordinate></ordinates></spatial_element></spatials_elements></entity_spatial></contour></contours><area><type><code>002</code><value>Общая площадь</value></type><value>361</value></area><content_restrictions><reg_numb_border><reg_number>16:00-6.3324</reg_number></reg_numb_border></content_restrictions></object_part></object_parts><contours_location><contours><contour><number_pp>1</number_pp><cad_number>16:52:080201:314</cad_number><entity_spatial><sk_id>МСК-16</sk_id><spatials_elements><spatial_element><ordinates><ordinate><x>460332.55</x><y>2316833.76</y><ord_nmb>1</ord_nmb><num_geopoint>н 12</num_geopoint><delta_geopoint>0.1</delta_geopoint></ordinate><ordinate><x>460230.12</x><y>2316852.56</y><ord_nmb>2</ord_nmb><num_geopoint>8</num_geopoint><delta_geopoint>0.1</delta_geopoint></ordinate><ordinate><x>460227.08</x><y>2316853.1</y><ord_nmb>3</ord_nmb><num_geopoint>9</num_geopoint><delta_geopoint>0.1</delta_geopoint></ordinate><ordinate><x>460217.87</x><y>2316854.73</y><ord_nmb>4</ord_nmb><num_geopoint>10</num_geopoint><delta_geopoint>0.1</delta_geopoint></ordinate><ordinate><x>460220.61</x><y>2316869.02</y><ord_nmb>5</ord_nmb><num_geopoint>11</num_geopoint><delta_geopoint>0.1</delta_geopoint></ordinate><ordinate><x>460223.52</x><y>2316886.08</y><ord_nmb>6</ord_nmb><num_geopoint>12</num_geopoint><delta_geopoint>0.1</delta_geopoint></ordinate><ordinate><x>460226.67</x><y>2316901.63</y><ord_nmb>7</ord_nmb><num_geopoint>13</num_geopoint><delta_geopoint>0.1</delta_geopoint></ordinate><ordinate><x>460264.58</x><y>2316894.94</y><ord_nmb>8</ord_nmb><num_geopoint>14</num_geopoint><delta_geopoint>0.1</delta_geopoint></ordinate><ordinate><x>460302.97</x><y>2316888.39</y><ord_nmb>9</ord_nmb><num_geopoint>15</num_geopoint><delta_geopoint>0.1</delta_geopoint></ordinate><ordinate><x>460341.89</x><y>2316880.63</y><ord_nmb>10</ord_nmb><num_geopoint>н 13</num_geopoint><delta_geopoint>0.1</delta_geopoint></ordinate><ordinate><x>460332.55</x><y>2316833.76</y><ord_nmb>1</ord_nmb><num_geopoint>н 12</num_geopoint><delta_geopoint>0.1</delta_geopoint></ordinate></ordinates></spatial_element></spatials_elements></entity_spatial></contour></contours><borders><border><by_definition><nmb_contour>1</nmb_contour><spatial_element>1</spatial_element><point1>1</point1><point2>2</point2></by_definition><direction_angle>78°43.8`</direction_angle><horizontal_distance>47.79</horizontal_distance><cadastral_numbs_adjacent_parcels><cadastral_numb_adjacent_parcel><cad_number>16:52:080201:313(1)</cad_number></cadastral_numb_adjacent_parcel></cadastral_numbs_adjacent_parcels></border><border><by_definition><nmb_contour>1</nmb_contour><spatial_element>1</spatial_element><point1>2</point1><point2>3</point2></by_definition><direction_angle>168°43.4`</direction_angle><horizontal_distance>39.69</horizontal_distance><cadastral_numbs_adjacent_parcels><cadastral_numb_adjacent_parcel><cad_number>16:52:080201:295(1)</cad_number></cadastral_numb_adjacent_parcel></cadastral_numbs_adjacent_parcels></border><border><by_definition><nmb_contour>1</nmb_contour><spatial_element>1</spatial_element><point1>3</point1><point2>4</point2></by_definition><direction_angle>170°19.1`</direction_angle><horizontal_distance>38.94</horizontal_distance><cadastral_numbs_adjacent_parcels><cadastral_numb_adjacent_parcel><cad_number>16:52:080201:295(1)</cad_number></cadastral_numb_adjacent_parcel></cadastral_numbs_adjacent_parcels></border><border><by_definition><nmb_contour>1</nmb_contour><spatial_element>1</spatial_element><point1>4</point1><point2>5</point2></by_definition><direction_angle>169°59.5`</direction_angle><horizontal_distance>38.5</horizontal_distance><cadastral_numbs_adjacent_parcels><cadastral_numb_adjacent_parcel><cad_number>16:52:080201:295(1)</cad_number></cadastral_numb_adjacent_parcel></cadastral_numbs_adjacent_parcels></border><border><by_definition><nmb_contour>1</nmb_contour><spatial_element>1</spatial_element><point1>5</point1><point2>6</point2></by_definition><direction_angle>258°32.9`</direction_angle><horizontal_distance>15.87</horizontal_distance></border><border><by_definition><nmb_contour>1</nmb_contour><spatial_element>1</spatial_element><point1>6</point1><point2>7</point2></by_definition><direction_angle>260°19.2`</direction_angle><horizontal_distance>17.31</horizontal_distance><cadastral_numbs_adjacent_parcels><cadastral_numb_adjacent_parcel><cad_number>16:39:072301:202(1)</cad_number></cadastral_numb_adjacent_parcel></cadastral_numbs_adjacent_parcels></border><border><by_definition><nmb_contour>1</nmb_contour><spatial_element>1</spatial_element><point1>7</point1><point2>8</point2></by_definition><direction_angle>259°8.8`</direction_angle><horizontal_distance>14.55</horizontal_distance><cadastral_numbs_adjacent_parcels><cadastral_numb_adjacent_parcel><cad_number>16:39:072301:202(1)</cad_number></cadastral_numb_adjacent_parcel></cadastral_numbs_adjacent_parcels></border><border><by_definition><nmb_contour>1</nmb_contour><spatial_element>1</spatial_element><point1>8</point1><point2>9</point2></by_definition><direction_angle>349°57.8`</direction_angle><horizontal_distance>9.35</horizontal_distance><cadastral_numbs_adjacent_parcels><cadastral_numb_adjacent_parcel><cad_number>16:39:072301:202(1)</cad_number></cadastral_numb_adjacent_parcel></cadastral_numbs_adjacent_parcels></border><border><by_definition><nmb_contour>1</nmb_contour><spatial_element>1</spatial_element><point1>9</point1><point2>10</point2></by_definition><direction_angle>349°55.7`</direction_angle><horizontal_distance>3.09</horizontal_distance><cadastral_numbs_adjacent_parcels><cadastral_numb_adjacent_parcel><cad_number>16:52:080201:56(1)</cad_number></cadastral_numb_adjacent_parcel></cadastral_numbs_adjacent_parcels></border><border><by_definition><nmb_contour>1</nmb_contour><spatial_element>1</spatial_element><point1>10</point1><point2>1</point2></by_definition><direction_angle>349°36.0`</direction_angle><horizontal_distance>104.14</horizontal_distance><cadastral_numbs_adjacent_parcels><cadastral_numb_adjacent_parcel><cad_number>16:52:080201:315(1)</cad_number></cadastral_numb_adjacent_parcel></cadastral_numbs_adjacent_parcels></border></borders></contours_location><special_notes>Посредством данного земельного участка обеспечен доступ к земельному участку (земельным участкам) с кадастровым номером (кадастровыми номерами): 16:52:080201:309, 16:52:080201:310, 16:52:080201:311, 16:52:080201:312, 16:52:080201:313, 16:52:080201:315. Сведения об ограничениях права на объект недвижимости, обременениях данного объекта, не зарегистрированных в реестре прав, ограничений прав и обременений недвижимого имущества: Вид ограничения (обременения): Ограничения прав на земельный участок, предусмотренные статьей 56 Земельного кодекса Российской Федерации; срок действия: c 26.01.2021; Реквизиты документа-основания: Об установлении санитарно-защитной зоны объекта Асфальтобетонный завод (АБЗ) Челнинского филиала АО "Татавтодор", расположенного по адресу: Российская Федерация, Республика Татарстан, г.Набережные Челны, район БСИ от 2020-05-14 № 02/9365-2020-27 выдан: Управление Роспотребнадзора по Республике Татарстан. Вид ограничения (обременения): Ограничения прав на земельный участок, предусмотренные статьей 56 Земельного кодекса Российской Федерации; срок действия: c 12.09.2023; Реквизиты документа-основания: Приказ Росавиации от 18.02.2020 № 195-П "Об установлении приаэродромной территории аэродрома Бегишево (Нижнекамск)" от 2020-02-18 № 195-П выдан: ФЕДЕРАЛЬНОЕ АГЕНТСТВО ВОЗДУШНОГО ТРАНСПОРТА (Росавиация). Вид ограничения (обременения): Ограничения прав на земельный участок, предусмотренные статьей 56 Земельного кодекса Российской Федерации; срок действия: c 29.02.2024; Реквизиты документа-основания: Приказ Росавиации от 18.02.2020 № 195-П "Об установлении приаэродромной территории аэродрома Бегишево (Нижнекамск)" от 2020-02-18 № 195-П выдан: ФЕДЕРАЛЬНОЕ АГЕНТСТВО ВОЗДУШНОГО ТРАНСПОРТА (Росавиация). Вид ограничения (обременения): Ограничения прав на земельный участок, предусмотренные статьей 56 Земельного кодекса Российской Федерации; срок действия: c 26.03.2024; Реквизиты документа-основания: Решение о согласовании границ охранной зоны объекта электросетевого хозяйства от 2024-02-08 № 43-20-2024/115 выдан: Федеральная служба по экологическому, технологическому и атомному надзору (Ростехнадзор). Вид ограничения (обременения): Ограничения прав на земельный участок, предусмотренные статьей 56 Земельного кодекса Российской Федерации; срок действия: c 16.05.2024; Реквизиты документа-основания: Приказ "Об установлении приаэродромной территории аэродрома аэродрома Бегишево (Нижнекамск)" от 2020-02-18 № 195-П выдан: ФЕДЕРАЛЬНОЕ АГЕНТСТВО ВОЗДУШНОГО ТРАНСПОРТА (Росавиация).</special_notes><restrictions_encumbrances><restriction_encumbrance><encumbrance_type><code>022004000000</code><value>Ограничения прав на земельный участок, предусмотренные статьей 56 Земельного кодекса Российской Федерации</value></encumbrance_type><part_number>1</part_number><cad_link><reg_number_border><number>16.00.2.3291</number></reg_number_border></cad_link><content_restrict_encumbrances>В охранных зонах запрещается осуществлять любые действия, которые могут нарушить безопасную работу объектов электросетевого хозяйства, в том числе привести к их повреждению или уничтожению, и (или) повлечь причинение вреда жизни, здоровью граждан и имуществу физических или юридических лиц, а также повлечь нанесение экологического ущерба и возникновение пожаров, в том числе: а) набрасывать на провода и опоры воздушных линий электропередачи посторонние предметы, а также подниматься на опоры воздушных линий электропередачи; б) размещать любые объекты и предметы (материалы) в пределах созданных в соответствии с требованиями нормативно-технических документов проходов и подъездов для доступа к объектам электросетевого хозяйства, а также проводить любые работы и возводить сооружения, которые могут препятствовать доступу к объектам электросетевого хозяйства, без создания необходимых для такого доступа проходов и подъездов; в) находиться в пределах огороженной территории и помещениях распределительных устройств и подстанций, открывать двери и люки распределительных устройств и подстанций, производить переключения и подключения в электрических сетях (указанное требование не распространяется на работников, занятых выполнением разрешенных в установленном порядке работ), разводить огонь в пределах охранных зон вводных и распределительных устройств, подстанций, воздушных линий электропередачи, а также в охранных зонах кабельных линий электропередачи; г) размещать свалки; д) производить работы ударными механизмами, сбрасывать тяжести массой свыше 5 тонн, производить сброс и слив едких и коррозионных веществ и горюче-смазочных материалов (в охранных зонах подземных кабельных линий электропередачи).</content_restrict_encumbrances><underlying_docs><underlying_document><document_code><code>558221040000</code><value>Документ, содержащий необходимые для внесения в государственный кадастр недвижимости сведения об установлении или изменении территориальной зоны или зоны с особыми условиями использования территорий, либо об отмене установления такой зоны</value></document_code><document_name>Свидетельство о государственной регистрации права</document_name><document_number>906212</document_number><document_date>2015-02-11</document_date><document_issuer>Управление Федеральной регистрационной службы по Республике Татарстан</document_issuer></underlying_document></underlying_docs><starting_date>2016-11-09</starting_date><cancel_date>2024-03-26</cancel_date></restriction_encumbrance><restriction_encumbrance><encumbrance_type><code>022004000000</code><value>Ограничения прав на земельный участок, предусмотренные статьей 56 Земельного кодекса Российской Федерации</value></encumbrance_type><cad_link><reg_number_border><number>16:00-6.4121</number><name_by_doc>Санитарно-защитная зона производственной базы (АБЗ) Челнинского филиала АО "Татавтодор"</name_by_doc><type_zone><code>218020030005</code><value>Санитарно-защитная зона предприятий, сооружений и иных объектов</value></type_zone></reg_number_border></cad_link><content_restrict_encumbrances>Ограничения установлены согласно п.2 Решения Об установлении санитарно-защитной зоны для асфальтобетонного завода (АБЗ) Челнинского филиала АО "Татавтодор" от 29.04.2019 г. №133-РС33 Федеральной службы по надзору в сфере защиты прав потребителей и благополучия человека: 2. Установить ограничения использования земельных участков, расположенных в границах санитарно-защитной зоны для асфальто-бетонного завода (АБЗ) Челнинского филиала АО "Татавтодор", согласно которым не допускается использование земельных участков в границах указанной санитарно-защитной зоны в целях: 2.1. размещения жилой застройки, объектов образовательного и медицинского назначения, спортивных сооружений открытого типа, организаций отдыха детей и их оздоровления, зон рекреационного назначения и для ведения дачного хозяйства и садоводства; 2.2. размещения объектов для производства и хранения лекарственных средств, объектов пищевых отраслей промышленности, оптовых складов продовольственного сырья и пищевой продукции, комплексов водопроводных сооружений для подготовки и хранения питьевой воды, использования земельных участков в целях производства, хранения и переработки сельскохозяйственной продукции, предназначенной для дальнейшего использования в качестве пищевой продукции.</content_restrict_encumbrances><underlying_docs><underlying_document><document_code><code>558402990000</code><value>Иной документ</value></document_code><document_name>Об установлении санитарно-защитной зоны объекта Асфальтобетонный завод (АБЗ) Челнинского филиала АО "Татавтодор", расположенного по адресу: Российская Федерация, Республика Татарстан, г.Набережные Челны, район БСИ</document_name><document_number>02/9365-2020-27</document_number><document_date>2020-05-14</document_date><document_issuer>Управление Роспотребнадзора по Республике Татарстан</document_issuer></underlying_document></underlying_docs><starting_date>2021-01-26</starting_date></restriction_encumbrance><restriction_encumbrance><encumbrance_type><code>022004000000</code><value>Ограничения прав на земельный участок, предусмотренные статьей 56 Земельного кодекса Российской Федерации</value></encumbrance_type><cad_link><reg_number_border><number>16:39-6.2604</number><name_by_doc>Третья подзона приаэродромной территории аэродрома гражданской авиации Нижнекамск (Бегишево)</name_by_doc><type_zone><code>218020020005</code></type_zone></reg_number_border></cad_link><content_restrict_encumbrances>В пределах третьей подзоны приаэродромной территории запрещается размещать объекты, высота которых превышает ограничения, установленные уполномоченным Правительством Российской Федерации федеральным органом исполнительной власти при установлении соответствующей приаэродромной территории. Для объектов недвижимости, права на которые возникли у граждан или юридических лиц до установления приаэродромной территории, и объектов, в отношении которых выдано разрешение на строительство до установления приаэродромной территории (далее – существующие объекты) в целях сохранения законных прав граждан и юридических лиц и обеспечения безопасности полётов в случае превышения установленных ограничений по предельной абсолютной высоте существующих объектов, на каждый существующий объект необходимо наличие согласования строительства объекта в границах приаэродромной территории, выданного уполномоченным органом (далее – Согласование строительства) и документа, подтверждающего отсутствие влияния объекта капитального строительства на безопасность полётов, в том числе и документа, подтверждающего отсутствие влияния объекта капитального строительства на безопасность полётов, в том числе на работу средств радиотехнического обеспечения полётов воздушных судов, подготовленного специализированной организацией, либо научно-исследовательским институтом гражданской авиации, в соответствии с порядком, установленным действующим законодательством РФ (аэронавигационное рассмотрение).</content_restrict_encumbrances><underlying_docs><underlying_document><document_code><code>558402990000</code><value>Иной документ</value></document_code><document_name>Приказ Росавиации от 18.02.2020 № 195-П "Об установлении приаэродромной территории аэродрома Бегишево (Нижнекамск)"</document_name><document_number>195-П</document_number><document_date>2020-02-18</document_date><document_issuer>ФЕДЕРАЛЬНОЕ АГЕНТСТВО ВОЗДУШНОГО ТРАНСПОРТА (Росавиация)</document_issuer></underlying_document></underlying_docs><starting_date>2023-09-12</starting_date></restriction_encumbrance><restriction_encumbrance><encumbrance_type><code>022004000000</code><value>Ограничения прав на земельный участок, предусмотренные статьей 56 Земельного кодекса Российской Федерации</value></encumbrance_type><cad_link><reg_number_border><number>16:39-6.2607</number><name_by_doc>Пятая подзона Приаэродромной территории АО «АЭРОПОРТ БЕГИШЕВО»</name_by_doc><type_zone><code>218020020005</code><value>Охранная зона транспорта</value></type_zone></reg_number_border></cad_link><content_restrict_encumbrances>В пределах пятой подзоны приаэродромной территории запрещается: 1. размещать опасные производственные объекты, определенные Федеральным законом "О промышленной безопасности опасных производственных объектов" № 116-ФЗ, функционирование которых может повлиять на безопасность полетов воздушных судов. 2. вводятся ограничения на строительство опасных производственных объектов, не относящихся к инфраструктуре аэропорта: складов нефти и нефтепродуктов, магистральных трубопроводов: газопроводов, нефтепроводов, нефтепродуктопроводов и сооружений на них. 3. магистральные газопроводы и сооружения на них, из которых возможен выброс или утечка газа в атмосферу, должны располагаться за пределами полос воздушных подходов к аэродромам. Другие опасные производственные объекты, определенные Федеральным законом "О промышленной безопасности опасных производственных объектов", функционирование которых может повлиять на безопасность полетов воздушных судов (компрессорные станции магистральных газопроводов, магистральные трубопроводы сжиженных углеводородных газов, склады вооружений и боеприпасов, АЭС и т.п.) должны располагаться на удалении от границы пятой подзоны, определённом с учетом максимального радиуса зон поражения в случаях происшествий техногенного характера на опасных производственных объектах. Отсутствие влияния на безопасность воздушных судов в границах пятой подзоны приаэродромной территории аэродрома устанавливается на основании декларации промышленной безопасности опасного производственного объекта I -II класса, подготовленной в соответствии с Федеральным законом «О промышленной безопасности опасных производственных объектов (с изменениями на 7 марта 2017 года)» № 116-ФЗ. При невозможности соблюдения нормативных расстояний сооружение опасных производственных объектов должно выполняться на основании специальных технических условий (СТУ), разработанных для конкретного объекта капитального строительства, и содержащих дополнительные технические требования, обеспечивающие безопасную эксплуатацию и функционирование объектов и сооружений.</content_restrict_encumbrances><underlying_docs><underlying_document><document_code><code>558402990000</code><value>Иной документ</value></document_code><document_name>Приказ Росавиации от 18.02.2020 № 195-П "Об установлении приаэродромной территории аэродрома Бегишево (Нижнекамск)"</document_name><document_number>195-П</document_number><document_date>2020-02-18</document_date><document_issuer>ФЕДЕРАЛЬНОЕ АГЕНТСТВО ВОЗДУШНОГО ТРАНСПОРТА (Росавиация)</document_issuer></underlying_document></underlying_docs><starting_date>2024-02-29</starting_date></restriction_encumbrance><restriction_encumbrance><encumbrance_type><code>022004000000</code><value>Ограничения прав на земельный участок, предусмотренные статьей 56 Земельного кодекса Российской Федерации</value></encumbrance_type><part_number>2</part_number><cad_link><reg_number_border><number>16:00-6.3324</number><name_by_doc>ВКЛ 6 кВ ПС БСИ ф.208</name_by_doc><type_zone><code>218020020006</code><value>Охранная зона инженерных коммуникаций</value></type_zone></reg_number_border></cad_link><content_restrict_encumbrances>Постановлением Правительства Российской Федерации №160 от 24.02.2009 г."О порядке установления охранных зон объектов электросетевого хозяйства и особых условий использования земельных участков, расположенных в границах таких зон". В охранных зонах запрещается осуществлять любые действия, которые могут нарушить безопасную работу объектов электросетевого хозяйства, в том числе привести к их повреждению или уничтожению, и (или) повлечь причинение вреда жизни, здоровью граждан и имуществу физических или юридических лиц, а также повлечь нанесение экологического ущерба и возникновение пожаров, в том числе: а) набрасывать на провода и опоры воздушных линий электропередачи посторонние предметы, а также подниматься на опоры воздушных линий электропередачи; б) размещать любые объекты и предметы (материалы) в пределах созданных в соответствии с требованиями нормативно-технических документов проходов и подъездов для доступа к объектам электросетевого хозяйства, а также проводить любые работы и возводить сооружения, которые могут препятствовать доступу к объектам электросетевого хозяйства, без создания необходимых для такого доступа проходов и подъездов; в) находиться в пределах огороженной территории и помещениях распределительных устройств и подстанций, открывать двери и люки распределительных устройств и подстанций, производить переключения и подключения в электрических сетях (указанное требование не распространяется на работников, занятых выполнением разрешенных в установленном порядке работ), разводить огонь в пределах охранных зон вводных и распределительных устройств, подстанций, воздушных линий электропередачи, а также в охранных зонах кабельных линий электропередачи; г) размещать свалки; д) производить работы ударными механизмами, сбрасывать тяжести массой свыше 5 тонн, производить сброс и слив едких и коррозионных веществ и горюче-смазочных материалов (в охранных зонах подземных кабельных линий электропередачи).</content_restrict_encumbrances><underlying_docs><underlying_document><document_code><code>558401020000</code><value>Акты органов государственной власти или органов местного самоуправления</value></document_code><document_name>Решение о согласовании границ охранной зоны объекта электросетевого хозяйства</document_name><document_number>43-20-2024/115</document_number><document_date>2024-02-08</document_date><document_issuer>Федеральная служба по экологическому, технологическому и атомному надзору (Ростехнадзор)</document_issuer></underlying_document></underlying_docs><starting_date>2024-03-26</starting_date></restriction_encumbrance><restriction_encumbrance><encumbrance_type><code>022004000000</code><value>Ограничения прав на земельный участок, предусмотренные статьей 56 Земельного кодекса Российской Федерации</value></encumbrance_type><cad_link><reg_number_border><number>16:39-6.2605</number><name_by_doc>Приаэродромная территория аэродрома гражданской авиации Нижнекамск (Бегишево)</name_by_doc><type_zone><code>218020020005</code></type_zone></reg_number_border></cad_link><content_restrict_encumbrances>в пределах Приаэродромной территории (в целях обеспечения безопасности полетов и исключения вредного воздействия на здоровье людей и деятельность организаций) устанавливается зона с особыми условиями использования территории (ЗОУИТ) в составе семи подзон</content_restrict_encumbrances><underlying_docs><underlying_document><document_code><code>558402990000</code><value>Иной документ</value></document_code><document_name>Приказ "Об установлении приаэродромной территории аэродрома аэродрома Бегишево (Нижнекамск)"</document_name><document_number>195-П</document_number><document_date>2020-02-18</document_date><document_issuer>ФЕДЕРАЛЬНОЕ АГЕНТСТВО ВОЗДУШНОГО ТРАНСПОРТА (Росавиация)</document_issuer></underlying_document></underlying_docs><starting_date>2024-05-16</starting_date></restriction_encumbrance></restrictions_encumbrances></land_record><right_records><right_record><record_info><registration_date>2016-09-14T14:07:31+03:00</registration_date></record_info><right_data><right_type><code>001001000000</code><value>Собственность</value></right_type><right_number>16-16/031-16/099/006/2016-3747/1</right_number></right_data><right_holders><right_holder><legal_entity><entity><resident><name>Общество с ограниченной ответственностью производственное объединение "Начало"</name><inn>1650025928</inn><ogrn>1021602029778</ogrn></resident></entity></legal_entity></right_holder></right_holders></right_record></right_records><restrict_records><restrict_record><record_info><registration_date>2023-11-27T11:28:44+03:00</registration_date></record_info><restrictions_encumbrances_data><restriction_encumbrance_number>16:52:080201:314-16/203/2023-6</restriction_encumbrance_number><restriction_encumbrance_type><code>022003000000</code><value>Запрещение регистрации</value></restriction_encumbrance_type><restricting_rights><restricting_right><number>16:52:080201:314-16.RTRIGHTS.E.35216913060</number><right_number>16-16/031-16/099/006/2016-3747/1</right_number></restricting_right></restricting_rights></restrictions_encumbrances_data><right_holders><right_holder><undefined><undefined>не определено</undefined></undefined></right_holder></right_holders><underlying_documents><underlying_document><document_code><code>558301120000</code><value>Постановление судебного пристава-исполнителя</value></document_code><document_name>Постановление о запрете на совершение действий по регистрации</document_name><document_number>116073/23/16006-ИП</document_number><document_date>2023-11-24</document_date><document_issuer>Ново-Савиновский РОСП г.Казани ГУФССП по Республике Татарстан</document_issuer><special_marks>466567772/1606</special_marks></underlying_document></underlying_documents></restrict_record><restrict_record><record_info><registration_date>2023-11-27T07:23:02+03:00</registration_date></record_info><restrictions_encumbrances_data><restriction_encumbrance_number>16:52:080201:314-16/203/2023-5</restriction_encumbrance_number><restriction_encumbrance_type><code>022003000000</code><value>Запрещение регистрации</value></restriction_encumbrance_type><restricting_rights><restricting_right><number>16:52:080201:314-16.RTRIGHTS.E.35216913060</number><right_number>16-16/031-16/099/006/2016-3747/1</right_number></restricting_right></restricting_rights></restrictions_encumbrances_data><right_holders><right_holder><undefined><undefined>не определено</undefined></undefined></right_holder></right_holders><underlying_documents><underlying_document><document_code><code>558301120000</code><value>Постановление судебного пристава-исполнителя</value></document_code><document_name>Постановление о запрете на совершение действий по регистрации</document_name><document_number>76916/23/16006-ИП</document_number><document_date>2023-11-24</document_date><document_issuer>Ново-Савиновский РОСП г.Казани ГУФССП по Республике Татарстан</document_issuer><special_marks>466567794/1606</special_marks></underlying_document></underlying_documents></restrict_record><restrict_record><record_info><registration_date>2016-11-30T12:47:22+03:00</registration_date></record_info><restrictions_encumbrances_data><restriction_encumbrance_number>16-16/001-16/001/006/2016-9989/1</restriction_encumbrance_number><restriction_encumbrance_type><code>022099000000</code><value>Прочие ограничения прав и обременения объекта недвижимости</value></restriction_encumbrance_type><period><period_info><start_date>2016-11-30</start_date><deal_validity_time>с 30.11.2016</deal_validity_time></period_info></period><restricting_rights><restricting_right><number>16:52:080201:314-16.RTRIGHTS.E.35216913060</number><right_number>16-16/031-16/099/006/2016-3747/1</right_number></restricting_right></restricting_rights></restrictions_encumbrances_data><underlying_documents><underlying_document><document_code><code>558301120000</code><value>Постановление судебного пристава-исполнителя</value></document_code><document_name>Постановление судебного пристава-исполнителя о запрете регистрационных действий в отношении объектов недвижимого имущества</document_name><document_number>48645/16/77037-ИП</document_number><document_date>2016-11-22</document_date><document_issuer>Дмитровский ОСП УФССП России по Москве</document_issuer></underlying_document></underlying_documents></restrict_record><restrict_record><record_info><registration_date>2016-09-14T14:07:41+03:00</registration_date></record_info><restrictions_encumbrances_data><restriction_encumbrance_number>16-16/020-16/031/001/2015-7083/1</restriction_encumbrance_number><restriction_encumbrance_type><code>022007000000</code><value>Ипотека</value></restriction_encumbrance_type><period><period_info><start_date>2015-03-05</start_date><end_date>2015-11-16</end_date><deal_validity_time>с 05.03.2015 по 16.11.2015</deal_validity_time></period_info></period><restricting_rights><restricting_right><number>16:52:080201:314-16.RTRIGHTS.E.35216913060</number><right_number>16-16/031-16/099/006/2016-3747/1</right_number></restricting_right></restricting_rights></restrictions_encumbrances_data><right_holders><right_holder><legal_entity><entity><resident><name>Публичное акционерное общество "Сбербанк России"</name><inn>7707083893</inn><ogrn>1027700132195</ogrn></resident></entity></legal_entity></right_holder></right_holders><underlying_documents><underlying_document><document_code><code>558401010210</code><value>Договор об ипотеке</value></document_code><document_name>Договор ипотеки</document_name><document_number>44141189/12</document_number><document_date>2015-01-16</document_date><document_issuer>подписан Фришко И.А., Синёвым А.А.</document_issuer></underlying_document><underlying_document><document_code><code>558401010216</code><value>Дополнительное соглашение (соглашение об изменении условий договора) к договору</value></document_code><document_name>Дополнительное соглашение к Договору ипотеки № 44141189/12 от 16 января 2015 г.</document_name><document_number>1</document_number><document_date>2015-05-06</document_date></underlying_document></underlying_documents></restrict_record><restrict_record><record_info><registration_date>2016-09-14T14:07:40+03:00</registration_date></record_info><restrictions_encumbrances_data><restriction_encumbrance_number>16-16-32/096/2013-303</restriction_encumbrance_number><restriction_encumbrance_type><code>022007000000</code><value>Ипотека</value></restriction_encumbrance_type><period><period_info><end_date>2014-12-26</end_date><deal_validity_time> по 26.12.2014</deal_validity_time></period_info></period><restricting_rights><restricting_right><number>16:52:080201:314-16.RTRIGHTS.E.35216913060</number><right_number>16-16/031-16/099/006/2016-3747/1</right_number></restricting_right></restricting_rights></restrictions_encumbrances_data><right_holders><right_holder><legal_entity><entity><resident><name>Публичное акционерное общество "Сбербанк России"</name><inn>7707083893</inn><ogrn>1027700132195</ogrn></resident></entity></legal_entity></right_holder></right_holders><underlying_documents><underlying_document><document_code><code>558401010210</code><value>Договор об ипотеке</value></document_code><document_name>Договор ипотеки</document_name><document_number>44131194/11</document_number><document_date>2013-07-26</document_date><deal_registered><deal_registered_number><number>16:52:080201:36-16.RTRIGHTS.E.6245724060</number><right_number>16-16-32/096/2013-303</right_number></deal_registered_number><deal_registered_date>2016-09-14T14:07:47+03:00</deal_registered_date></deal_registered></underlying_document></underlying_documents></restrict_record><restrict_record><record_info><registration_date>2016-09-14T14:07:39+03:00</registration_date></record_info><restrictions_encumbrances_data><restriction_encumbrance_number>16-16-32/074/2012-301</restriction_encumbrance_number><restriction_encumbrance_type><code>022007000000</code><value>Ипотека</value></restriction_encumbrance_type><period><period_info><start_date>2012-06-09</start_date><end_date>2013-11-14</end_date><deal_validity_time>с 09.06.2012 по 14.11.2013</deal_validity_time></period_info></period><restricting_rights><restricting_right><number>16:52:080201:314-16.RTRIGHTS.E.35216913060</number><right_number>16-16/031-16/099/006/2016-3747/1</right_number></restricting_right></restricting_rights></restrictions_encumbrances_data><right_holders><right_holder><legal_entity><entity><resident><name>Публичное акционерное общество "Сбербанк России"</name><inn>7707083893</inn><ogrn>1027700132195</ogrn></resident></entity></legal_entity></right_holder></right_holders><underlying_documents><underlying_document><document_code><code>558401010210</code><value>Договор об ипотеке</value></document_code><document_name>Договор ипотеки</document_name><document_number>44121122/12</document_number><document_date>2012-06-06</document_date><doc_notarized><notarize_date>2012-06-06</notarize_date><notary_name>Акулова С.В., временно исполняющая обязанности нотариуса Набережночелнинского нотариального округа Республики Татарстан Гайнетдинова В.Ш.</notary_name><notary_action_num>3С-1392</notary_action_num></doc_notarized><deal_registered><deal_registered_number><number>16:52:080201:219-16.RTRIGHTS.E.287691060</number><right_number>16-16-32/074/2012-301</right_number></deal_registered_number><deal_registered_date>2016-09-14T14:07:52+03:00</deal_registered_date></deal_registered></underlying_document></underlying_documents></restrict_record><restrict_record><record_info><registration_date>2016-09-14T14:07:37+03:00</registration_date></record_info><restrictions_encumbrances_data><restriction_encumbrance_number>16-16-32/028/2012-127</restriction_encumbrance_number><restriction_encumbrance_type><code>022007000000</code><value>Ипотека</value></restriction_encumbrance_type><period><period_info><start_date>2012-03-01</start_date><end_date>2013-08-06</end_date><deal_validity_time>с 01.03.2012 по 06.08.2013</deal_validity_time></period_info></period><restricting_rights><restricting_right><number>16:52:080201:314-16.RTRIGHTS.E.35216913060</number><right_number>16-16/031-16/099/006/2016-3747/1</right_number></restricting_right></restricting_rights></restrictions_encumbrances_data><right_holders><right_holder><legal_entity><entity><resident><name>Публичное акционерное общество "Сбербанк России"</name><inn>7707083893</inn><ogrn>1027700132195</ogrn></resident></entity></legal_entity></right_holder></right_holders><underlying_documents><underlying_document><document_code><code>558401010210</code><value>Договор об ипотеке</value></document_code><document_name>Договор ипотеки</document_name><document_number>44121028/1</document_number><document_date>2012-02-17</document_date><deal_registered><deal_registered_number><number>16:52:020701:3562-16.RTRIGHTS.E.2150360052</number><right_number>16-16-32/028/2012-127</right_number></deal_registered_number><deal_registered_date>2016-09-14T14:07:51+03:00</deal_registered_date></deal_registered></underlying_document></underlying_documents></restrict_record><restrict_record><record_info><registration_date>2016-09-14T14:07:36+03:00</registration_date></record_info><restrictions_encumbrances_data><restriction_encumbrance_number>16-16-32/021/2013-33</restriction_encumbrance_number><restriction_encumbrance_type><code>022007000000</code><value>Ипотека</value></restriction_encumbrance_type><period><period_info><start_date>2013-02-15</start_date><end_date>2014-07-21</end_date><deal_validity_time>с 15.02.2013 по 21.07.2014</deal_validity_time></period_info></period><restricting_rights><restricting_right><number>16:52:080201:314-16.RTRIGHTS.E.35216913060</number><right_number>16-16/031-16/099/006/2016-3747/1</right_number></restricting_right></restricting_rights></restrictions_encumbrances_data><right_holders><right_holder><legal_entity><entity><resident><name>Публичное акционерное общество "Сбербанк России"</name><inn>7707083893</inn><ogrn>1027700132195</ogrn></resident></entity></legal_entity></right_holder></right_holders><underlying_documents><underlying_document><document_code><code>558401010210</code><value>Договор об ипотеке</value></document_code><document_name>Договор ипотеки</document_name><document_number>44131021/12</document_number><document_date>2013-02-12</document_date><deal_registered><deal_registered_number><number>16:52:020701:3562-16.RTRIGHTS.E.3691027060</number><right_number>16-16-32/021/2013-33</right_number></deal_registered_number><deal_registered_date>2016-09-14T14:07:45+03:00</deal_registered_date></deal_registered></underlying_document></underlying_documents></restrict_record><restrict_record><record_info><registration_date>2016-09-14T14:07:35+03:00</registration_date></record_info><restrictions_encumbrances_data><restriction_encumbrance_number>16-16-32/016/2012-054</restriction_encumbrance_number><restriction_encumbrance_type><code>022007000000</code><value>Ипотека</value></restriction_encumbrance_type><period><period_info><start_date>2012-01-20</start_date><end_date>2013-06-17</end_date><deal_validity_time>с 20.01.2012 по 17.06.2013</deal_validity_time></period_info></period><restricting_rights><restricting_right><number>16:52:080201:314-16.RTRIGHTS.E.35216913060</number><right_number>16-16/031-16/099/006/2016-3747/1</right_number></restricting_right></restricting_rights></restrictions_encumbrances_data><right_holders><right_holder><legal_entity><entity><resident><name>Публичное акционерное общество "Сбербанк России"</name><inn>7707083893</inn><ogrn>1027700132195</ogrn></resident></entity></legal_entity></right_holder></right_holders><underlying_documents><underlying_document><document_code><code>558401010210</code><value>Договор об ипотеке</value></document_code><document_name>ДОГОВОР ИПОТЕКИ</document_name><document_number>111397/1</document_number><document_date>2012-01-11</document_date><deal_registered><deal_registered_number><number>16:52:020701:3562-16.RTRIGHTS.E.2085337052</number><right_number>16-16-32/016/2012-054</right_number></deal_registered_number><deal_registered_date>2016-09-14T14:07:43+03:00</deal_registered_date></deal_registered></underlying_document></underlying_documents></restrict_record><restrict_record><record_info><registration_date>2016-09-14T14:07:33+03:00</registration_date></record_info><restrictions_encumbrances_data><restriction_encumbrance_number>16-16-30/026/2008-161</restriction_encumbrance_number><restriction_encumbrance_type><code>022007000000</code><value>Ипотека</value></restriction_encumbrance_type><period><period_info><start_date>2008-04-30</start_date><end_date>2013-03-20</end_date><deal_validity_time>с 30.04.2008 по 20.03.2013</deal_validity_time></period_info></period><restricting_rights><restricting_right><number>16:52:080201:314-16.RTRIGHTS.E.35216913060</number><right_number>16-16/031-16/099/006/2016-3747/1</right_number></restricting_right></restricting_rights></restrictions_encumbrances_data><right_holders><right_holder><legal_entity><entity><resident><name>Публичное акционерное общество "Сбербанк России"</name><inn>7707083893</inn><ogrn>1027700132195</ogrn></resident></entity></legal_entity></right_holder></right_holders><underlying_documents><underlying_document><document_code><code>558401010210</code><value>Договор об ипотеке</value></document_code><document_name>Договор ипотеки</document_name><document_number>08088</document_number><document_date>2008-04-02</document_date><document_issuer>заключенный между АК Сберегательный банк РФ (ОАО), ООО ПО "Начало"</document_issuer><doc_notarized><notarize_date>2008-04-02</notarize_date><notary_name>г. Набережные Челны РТ Стерхова М.И.</notary_name><notary_action_num>Н-65</notary_action_num></doc_notarized><deal_registered><deal_registered_number><number>16:52:020701:3562-16.RTRIGHTS.E.241518052</number><right_number>16-16-30/026/2008-161</right_number></deal_registered_number><deal_registered_date>2016-09-14T14:07:33+03:00</deal_registered_date></deal_registered></underlying_document></underlying_documents></restrict_record><restrict_record><record_info><registration_date>2016-09-14T14:07:32+03:00</registration_date></record_info><restrictions_encumbrances_data><restriction_encumbrance_number>16-16/031-32/017/2014-364/10</restriction_encumbrance_number><restriction_encumbrance_type><code>022007000000</code><value>Ипотека</value></restriction_encumbrance_type><period><period_info><start_date>2014-02-21</start_date><end_date>2016-12-26</end_date><deal_validity_time>с 21.02.2014 по 26.12.2016</deal_validity_time></period_info></period><restricting_rights><restricting_right><number>16:52:080201:314-16.RTRIGHTS.E.35216913060</number><right_number>16-16/031-16/099/006/2016-3747/1</right_number></restricting_right></restricting_rights></restrictions_encumbrances_data><right_holders><right_holder><legal_entity><entity><resident><name>Публичное акционерное общество "Сбербанк России"</name><inn>7707083893</inn><ogrn>1027700132195</ogrn></resident></entity></legal_entity></right_holder></right_holders><underlying_documents><underlying_document><document_code><code>558401010210</code><value>Договор об ипотеке</value></document_code><document_name>Договор ипотеки</document_name><document_number>44141026/11</document_number><document_date>2014-02-11</document_date><deal_registered><deal_registered_number><number>16:52:000000:2150-16.RTRIGHTS.E.8812923060</number><right_number>16-16-32/017/2014-364</right_number></deal_registered_number><deal_registered_date>2014-02-21T00:00:00+04:00</deal_registered_date></deal_registered></underlying_document><underlying_document><document_code><code>558401010216</code><value>Дополнительное соглашение (соглашение об изменении условий договора) к договору</value></document_code><document_name>Дополнительное соглашение к Договору ипотеки № 44141026/11 от 11 февраля 2014 г.</document_name><document_number>1</document_number><document_date>2015-05-06</document_date><deal_registered><deal_registered_number><number>16:52:080201:219-16.RTRIGHTS.E.28629994060</number><right_number>16-16/031-16/099/002/2015-6383/1</right_number></deal_registered_number><deal_registered_date>2015-06-18T13:20:23+03:00</deal_registered_date></deal_registered></underlying_document></underlying_documents></restrict_record></restrict_records><deal_records><deal_record><deal_data><deal_type><code>454002003000</code><value>Договор об ипотеке (залоге)</value></deal_type></deal_data></deal_record><deal_record><deal_data><deal_type><code>454002003000</code><value>Договор об ипотеке (залоге)</value></deal_type></deal_data></deal_record><deal_record><deal_data><deal_type><code>454002003000</code><value>Договор об ипотеке (залоге)</value></deal_type></deal_data></deal_record><deal_record><deal_data><deal_type><code>454002003000</code><value>Договор об ипотеке (залоге)</value></deal_type></deal_data></deal_record><deal_record><deal_data><deal_type><code>454002003000</code><value>Договор об ипотеке (залоге)</value></deal_type></deal_data></deal_record><deal_record><deal_data><deal_type><code>454002003000</code><value>Договор об ипотеке (залоге)</value></deal_type></deal_data></deal_record></deal_records><recipient_statement>высоцкий иван юрьевич</recipient_statement><status>Сведения об объекте недвижимости имеют статус "актуальные"</status></extract_about_property_land>