<?xml version="1.0" encoding="UTF-8"?><extract_about_property_land guid="b3c20f72-01ed-4713-94b7-c119040a1e62" qr="https://rosreestr.gov.ru/extract-check/?b3c20f72-01ed-4713-94b7-c119040a1e62"><details_statement><group_top_requisites><organ_registr_rights>Филиал публично-правовой компании "Роскадастр" по Республике Татарстан</organ_registr_rights><date_formation>2024-07-04</date_formation><registration_number>КУВИ-001/2024-175697536</registration_number></group_top_requisites></details_statement><details_request><date_received_request>2024-07-04</date_received_request><date_receipt_request_reg_authority_rights>2024-07-04</date_receipt_request_reg_authority_rights></details_request><land_record><record_info><registration_date>2004-10-11T00:00:00+04:00</registration_date></record_info><object><common_data><cad_number>16:52:080201:4</cad_number><quarter_cad_number>16:52:080201</quarter_cad_number><type><code>002001001000</code><value>Земельный участок</value></type></common_data><subtype><code>01</code><value>Землепользование</value></subtype></object><cad_links><included_objects><included_object><cad_number>16:52:080201:268</cad_number></included_object></included_objects></cad_links><params><category><type><code>003002000000</code><value>Земли населенных пунктов</value></type></category><permitted_use><permitted_use_established><by_document>под складские помещения</by_document></permitted_use_established></permitted_use><area><type><code>008</code><value>Декларированная площадь</value></type><value>14700</value></area></params><address_location><address><readable_address>Местоположение установлено относительно ориентира, расположенного в границах участка. Почтовый адрес ориентира: Республика Татарстан, г Набережные Челны, ул. Профильная, 67.</readable_address></address></address_location><zones_and_boundaries><special_use_boundaries><special_use_boundary><reg_numb_border>16:00-6.4121</reg_numb_border></special_use_boundary><special_use_boundary><reg_numb_border>16:39-6.2604</reg_numb_border></special_use_boundary><special_use_boundary><reg_numb_border>16:39-6.2607</reg_numb_border></special_use_boundary><special_use_boundary><reg_numb_border>16:39-6.2605</reg_numb_border></special_use_boundary><special_use_boundary><reg_numb_border>16:39-6.2600</reg_numb_border></special_use_boundary></special_use_boundaries></zones_and_boundaries><cost><value>7236859.98</value></cost><contours_location><contours><contour><number_pp>1</number_pp><cad_number>16:52:080201:4</cad_number><entity_spatial><sk_id>МСК-16</sk_id><spatials_elements><spatial_element><ordinates><ordinate><x>460225.69</x><y>2316279.29</y><ord_nmb>1</ord_nmb></ordinate><ordinate><x>460262.86</x><y>2316426.42</y><ord_nmb>2</ord_nmb></ordinate><ordinate><x>460179.4</x><y>2316453.42</y><ord_nmb>3</ord_nmb></ordinate><ordinate><x>460176.49</x><y>2316454.36</y><ord_nmb>4</ord_nmb></ordinate><ordinate><x>460164.21</x><y>2316458.33</y><ord_nmb>5</ord_nmb></ordinate><ordinate><x>460164.02</x><y>2316458.39</y><ord_nmb>6</ord_nmb></ordinate><ordinate><x>460138.77</x><y>2316310.14</y><ord_nmb>7</ord_nmb></ordinate><ordinate><x>460139.63</x><y>2316309.83</y><ord_nmb>8</ord_nmb></ordinate><ordinate><x>460225.69</x><y>2316279.29</y><ord_nmb>1</ord_nmb></ordinate></ordinates></spatial_element></spatials_elements></entity_spatial></contour></contours><borders><border><by_definition><nmb_contour>1</nmb_contour><spatial_element>1</spatial_element><point1>1</point1><point2>2</point2></by_definition><direction_angle>75°49.3`</direction_angle><horizontal_distance>151.75</horizontal_distance></border><border><by_definition><nmb_contour>1</nmb_contour><spatial_element>1</spatial_element><point1>1</point1><point2>1</point2></by_definition><cadastral_numbs_adjacent_parcels><cadastral_numb_adjacent_parcel><cad_number>16:52:080201:120(1)</cad_number></cadastral_numb_adjacent_parcel><cadastral_numb_adjacent_parcel><cad_number>16:52:080201:23(1)</cad_number></cadastral_numb_adjacent_parcel></cadastral_numbs_adjacent_parcels></border><border><by_definition><nmb_contour>1</nmb_contour><spatial_element>1</spatial_element><point1>2</point1><point2>3</point2></by_definition><direction_angle>162°4.4`</direction_angle><horizontal_distance>87.72</horizontal_distance></border><border><by_definition><nmb_contour>1</nmb_contour><spatial_element>1</spatial_element><point1>2</point1><point2>2</point2></by_definition><cadastral_numbs_adjacent_parcels><cadastral_numb_adjacent_parcel><cad_number>16:52:080201:121(1)</cad_number></cadastral_numb_adjacent_parcel></cadastral_numbs_adjacent_parcels></border><border><by_definition><nmb_contour>1</nmb_contour><spatial_element>1</spatial_element><point1>3</point1><point2>4</point2></by_definition><direction_angle>162°5.9`</direction_angle><horizontal_distance>3.06</horizontal_distance><cadastral_numbs_adjacent_parcels><cadastral_numb_adjacent_parcel><cad_number>16:52:080201:123(1)</cad_number></cadastral_numb_adjacent_parcel></cadastral_numbs_adjacent_parcels></border><border><by_definition><nmb_contour>1</nmb_contour><spatial_element>1</spatial_element><point1>4</point1><point2>5</point2></by_definition><direction_angle>162°5.1`</direction_angle><horizontal_distance>12.91</horizontal_distance><cadastral_numbs_adjacent_parcels><cadastral_numb_adjacent_parcel><cad_number>16:52:080201:123(1)</cad_number></cadastral_numb_adjacent_parcel></cadastral_numbs_adjacent_parcels></border><border><by_definition><nmb_contour>1</nmb_contour><spatial_element>1</spatial_element><point1>5</point1><point2>6</point2></by_definition><direction_angle>162°28.4`</direction_angle><horizontal_distance>0.2</horizontal_distance><cadastral_numbs_adjacent_parcels><cadastral_numb_adjacent_parcel><cad_number>16:39:072301:202(1)</cad_number></cadastral_numb_adjacent_parcel></cadastral_numbs_adjacent_parcels></border><border><by_definition><nmb_contour>1</nmb_contour><spatial_element>1</spatial_element><point1>6</point1><point2>7</point2></by_definition><direction_angle>260°20.0`</direction_angle><horizontal_distance>150.38</horizontal_distance><cadastral_numbs_adjacent_parcels><cadastral_numb_adjacent_parcel><cad_number>16:39:072301:202(1)</cad_number></cadastral_numb_adjacent_parcel></cadastral_numbs_adjacent_parcels></border><border><by_definition><nmb_contour>1</nmb_contour><spatial_element>1</spatial_element><point1>7</point1><point2>8</point2></by_definition><direction_angle>340°10.7`</direction_angle><horizontal_distance>0.91</horizontal_distance><cadastral_numbs_adjacent_parcels><cadastral_numb_adjacent_parcel><cad_number>16:39:072301:202(1)</cad_number></cadastral_numb_adjacent_parcel></cadastral_numbs_adjacent_parcels></border><border><by_definition><nmb_contour>1</nmb_contour><spatial_element>1</spatial_element><point1>8</point1><point2>1</point2></by_definition><direction_angle>340°27.7`</direction_angle><horizontal_distance>91.32</horizontal_distance></border></borders></contours_location><special_notes>Граница земельного участка не установлена в соответствии с требованиями земельного законодательства. Сведения об ограничениях права на объект недвижимости, обременениях данного объекта, не зарегистрированных в реестре прав, ограничений прав и обременений недвижимого имущества: Вид ограничения (обременения): Ограничения прав на земельный участок, предусмотренные статьей 56 Земельного кодекса Российской Федерации; срок действия: c 26.01.2021; Реквизиты документа-основания: Об установлении санитарно-защитной зоны объекта Асфальтобетонный завод (АБЗ) Челнинского филиала АО "Татавтодор", расположенного по адресу: Российская Федерация, Республика Татарстан, г.Набережные Челны, район БСИ от 2020-05-14 № 02/9365-2020-27 выдан: Управление Роспотребнадзора по Республике Татарстан. Вид ограничения (обременения): Ограничения прав на земельный участок, предусмотренные статьей 56 Земельного кодекса Российской Федерации; срок действия: c 13.09.2023; Реквизиты документа-основания: Приказ Росавиации от 18.02.2020 № 195-П "Об установлении приаэродромной территории аэродрома Бегишево (Нижнекамск)" от 2020-02-18 № 195-П выдан: ФЕДЕРАЛЬНОЕ АГЕНТСТВО ВОЗДУШНОГО ТРАНСПОРТА (Росавиация). Вид ограничения (обременения): Ограничения прав на земельный участок, предусмотренные статьей 56 Земельного кодекса Российской Федерации; срок действия: c 03.03.2024; Реквизиты документа-основания: Приказ Росавиации от 18.02.2020 № 195-П "Об установлении приаэродромной территории аэродрома Бегишево (Нижнекамск)" от 2020-02-18 № 195-П выдан: ФЕДЕРАЛЬНОЕ АГЕНТСТВО ВОЗДУШНОГО ТРАНСПОРТА (Росавиация). Вид ограничения (обременения): Ограничения прав на земельный участок, предусмотренные статьей 56 Земельного кодекса Российской Федерации; срок действия: c 17.05.2024; Реквизиты документа-основания: Приказ "Об установлении приаэродромной территории аэродрома аэродрома Бегишево (Нижнекамск)" от 2020-02-18 № 195-П выдан: ФЕДЕРАЛЬНОЕ АГЕНТСТВО ВОЗДУШНОГО ТРАНСПОРТА (Росавиация). Вид ограничения (обременения): Ограничения прав на земельный участок, предусмотренные статьей 56 Земельного кодекса Российской Федерации; срок действия: c 17.06.2024; Реквизиты документа-основания: Приказ Росавиации № 661-П от 14.08.2023 г. Об установлении приаэродромной территории аэродрома гражданской авиации Нижнекамск (Бегишево) от 2023-08-14 № 661-П выдан: ФЕДЕРАЛЬНОЕ АГЕНТСТВО ВОЗДУШНОГО ТРАНСПОРТА (Росавиация; Приказ Росавиации от 18.02.2020 № 195-П "Об установлении приаэродромной территории аэродрома Бегишево (Нижнекамск)" от 2020-02-18 № 195-П выдан: ФЕДЕРАЛЬНОЕ АГЕНТСТВО ВОЗДУШНОГО ТРАНСПОРТА (Росавиация.</special_notes><restrictions_encumbrances><restriction_encumbrance><encumbrance_type><code>022006000000</code><value>Аренда</value></encumbrance_type><part_number>1</part_number><persons><individual><surname>Солодов</surname><name>Виталий</name><patronymic>Витальевич</patronymic><birth_date>1960-05-20</birth_date><identity_doc><document_code><code>008002099000</code><value>Иной документ</value></document_code><document_name>Российский паспорт</document_name><document_series>92 05</document_series><document_number>570368</document_number><document_date>2005-06-17</document_date><document_issuer>Электротехническим ОВД г.Наб.Челны РТ</document_issuer></identity_doc></individual></persons><content_restrict_encumbrances>Аренда земли на 49 лет</content_restrict_encumbrances><underlying_docs><underlying_document><document_code><code>558402990000</code><value>Иной документ</value></document_code><document_name>Постановление главы администрации г.Наб.Челны</document_name><document_number>670/4</document_number><document_date>1999-06-02</document_date></underlying_document></underlying_docs><starting_date>1999-06-30</starting_date><cancel_date>2011-06-06</cancel_date></restriction_encumbrance><restriction_encumbrance><encumbrance_type><code>022004000000</code><value>Ограничения прав на земельный участок, предусмотренные статьей 56 Земельного кодекса Российской Федерации</value></encumbrance_type><cad_link><reg_number_border><number>16:00-6.4121</number><name_by_doc>Санитарно-защитная зона производственной базы (АБЗ) Челнинского филиала АО "Татавтодор"</name_by_doc><type_zone><code>218020030005</code><value>Санитарно-защитная зона предприятий, сооружений и иных объектов</value></type_zone></reg_number_border></cad_link><content_restrict_encumbrances>Ограничения установлены согласно п.2 Решения Об установлении санитарно-защитной зоны для асфальтобетонного завода (АБЗ) Челнинского филиала АО "Татавтодор" от 29.04.2019 г. №133-РС33 Федеральной службы по надзору в сфере защиты прав потребителей и благополучия человека: 2. Установить ограничения использования земельных участков, расположенных в границах санитарно-защитной зоны для асфальто-бетонного завода (АБЗ) Челнинского филиала АО "Татавтодор", согласно которым не допускается использование земельных участков в границах указанной санитарно-защитной зоны в целях: 2.1. размещения жилой застройки, объектов образовательного и медицинского назначения, спортивных сооружений открытого типа, организаций отдыха детей и их оздоровления, зон рекреационного назначения и для ведения дачного хозяйства и садоводства; 2.2. размещения объектов для производства и хранения лекарственных средств, объектов пищевых отраслей промышленности, оптовых складов продовольственного сырья и пищевой продукции, комплексов водопроводных сооружений для подготовки и хранения питьевой воды, использования земельных участков в целях производства, хранения и переработки сельскохозяйственной продукции, предназначенной для дальнейшего использования в качестве пищевой продукции.</content_restrict_encumbrances><underlying_docs><underlying_document><document_code><code>558402990000</code><value>Иной документ</value></document_code><document_name>Об установлении санитарно-защитной зоны объекта Асфальтобетонный завод (АБЗ) Челнинского филиала АО "Татавтодор", расположенного по адресу: Российская Федерация, Республика Татарстан, г.Набережные Челны, район БСИ</document_name><document_number>02/9365-2020-27</document_number><document_date>2020-05-14</document_date><document_issuer>Управление Роспотребнадзора по Республике Татарстан</document_issuer></underlying_document></underlying_docs><starting_date>2021-01-26</starting_date></restriction_encumbrance><restriction_encumbrance><encumbrance_type><code>022004000000</code><value>Ограничения прав на земельный участок, предусмотренные статьей 56 Земельного кодекса Российской Федерации</value></encumbrance_type><cad_link><reg_number_border><number>16:39-6.2604</number><name_by_doc>Третья подзона приаэродромной территории аэродрома гражданской авиации Нижнекамск (Бегишево)</name_by_doc><type_zone><code>218020020005</code></type_zone></reg_number_border></cad_link><content_restrict_encumbrances>В пределах третьей подзоны приаэродромной территории запрещается размещать объекты, высота которых превышает ограничения, установленные уполномоченным Правительством Российской Федерации федеральным органом исполнительной власти при установлении соответствующей приаэродромной территории. Для объектов недвижимости, права на которые возникли у граждан или юридических лиц до установления приаэродромной территории, и объектов, в отношении которых выдано разрешение на строительство до установления приаэродромной территории (далее – существующие объекты) в целях сохранения законных прав граждан и юридических лиц и обеспечения безопасности полётов в случае превышения установленных ограничений по предельной абсолютной высоте существующих объектов, на каждый существующий объект необходимо наличие согласования строительства объекта в границах приаэродромной территории, выданного уполномоченным органом (далее – Согласование строительства) и документа, подтверждающего отсутствие влияния объекта капитального строительства на безопасность полётов, в том числе и документа, подтверждающего отсутствие влияния объекта капитального строительства на безопасность полётов, в том числе на работу средств радиотехнического обеспечения полётов воздушных судов, подготовленного специализированной организацией, либо научно-исследовательским институтом гражданской авиации, в соответствии с порядком, установленным действующим законодательством РФ (аэронавигационное рассмотрение).</content_restrict_encumbrances><underlying_docs><underlying_document><document_code><code>558402990000</code><value>Иной документ</value></document_code><document_name>Приказ Росавиации от 18.02.2020 № 195-П "Об установлении приаэродромной территории аэродрома Бегишево (Нижнекамск)"</document_name><document_number>195-П</document_number><document_date>2020-02-18</document_date><document_issuer>ФЕДЕРАЛЬНОЕ АГЕНТСТВО ВОЗДУШНОГО ТРАНСПОРТА (Росавиация)</document_issuer></underlying_document></underlying_docs><starting_date>2023-09-13</starting_date></restriction_encumbrance><restriction_encumbrance><encumbrance_type><code>022004000000</code><value>Ограничения прав на земельный участок, предусмотренные статьей 56 Земельного кодекса Российской Федерации</value></encumbrance_type><cad_link><reg_number_border><number>16:39-6.2607</number><name_by_doc>Пятая подзона Приаэродромной территории АО «АЭРОПОРТ БЕГИШЕВО»</name_by_doc><type_zone><code>218020020005</code><value>Охранная зона транспорта</value></type_zone></reg_number_border></cad_link><content_restrict_encumbrances>В пределах пятой подзоны приаэродромной территории запрещается: 1. размещать опасные производственные объекты, определенные Федеральным законом "О промышленной безопасности опасных производственных объектов" № 116-ФЗ, функционирование которых может повлиять на безопасность полетов воздушных судов. 2. вводятся ограничения на строительство опасных производственных объектов, не относящихся к инфраструктуре аэропорта: складов нефти и нефтепродуктов, магистральных трубопроводов: газопроводов, нефтепроводов, нефтепродуктопроводов и сооружений на них. 3. магистральные газопроводы и сооружения на них, из которых возможен выброс или утечка газа в атмосферу, должны располагаться за пределами полос воздушных подходов к аэродромам. Другие опасные производственные объекты, определенные Федеральным законом "О промышленной безопасности опасных производственных объектов", функционирование которых может повлиять на безопасность полетов воздушных судов (компрессорные станции магистральных газопроводов, магистральные трубопроводы сжиженных углеводородных газов, склады вооружений и боеприпасов, АЭС и т.п.) должны располагаться на удалении от границы пятой подзоны, определённом с учетом максимального радиуса зон поражения в случаях происшествий техногенного характера на опасных производственных объектах. Отсутствие влияния на безопасность воздушных судов в границах пятой подзоны приаэродромной территории аэродрома устанавливается на основании декларации промышленной безопасности опасного производственного объекта I -II класса, подготовленной в соответствии с Федеральным законом «О промышленной безопасности опасных производственных объектов (с изменениями на 7 марта 2017 года)» № 116-ФЗ. При невозможности соблюдения нормативных расстояний сооружение опасных производственных объектов должно выполняться на основании специальных технических условий (СТУ), разработанных для конкретного объекта капитального строительства, и содержащих дополнительные технические требования, обеспечивающие безопасную эксплуатацию и функционирование объектов и сооружений.</content_restrict_encumbrances><underlying_docs><underlying_document><document_code><code>558402990000</code><value>Иной документ</value></document_code><document_name>Приказ Росавиации от 18.02.2020 № 195-П "Об установлении приаэродромной территории аэродрома Бегишево (Нижнекамск)"</document_name><document_number>195-П</document_number><document_date>2020-02-18</document_date><document_issuer>ФЕДЕРАЛЬНОЕ АГЕНТСТВО ВОЗДУШНОГО ТРАНСПОРТА (Росавиация)</document_issuer></underlying_document></underlying_docs><starting_date>2024-03-03</starting_date></restriction_encumbrance><restriction_encumbrance><encumbrance_type><code>022004000000</code><value>Ограничения прав на земельный участок, предусмотренные статьей 56 Земельного кодекса Российской Федерации</value></encumbrance_type><cad_link><reg_number_border><number>16:39-6.2605</number><name_by_doc>Приаэродромная территория аэродрома гражданской авиации Нижнекамск (Бегишево)</name_by_doc><type_zone><code>218020020005</code></type_zone></reg_number_border></cad_link><content_restrict_encumbrances>в пределах Приаэродромной территории (в целях обеспечения безопасности полетов и исключения вредного воздействия на здоровье людей и деятельность организаций) устанавливается зона с особыми условиями использования территории (ЗОУИТ) в составе семи подзон</content_restrict_encumbrances><underlying_docs><underlying_document><document_code><code>558402990000</code><value>Иной документ</value></document_code><document_name>Приказ "Об установлении приаэродромной территории аэродрома аэродрома Бегишево (Нижнекамск)"</document_name><document_number>195-П</document_number><document_date>2020-02-18</document_date><document_issuer>ФЕДЕРАЛЬНОЕ АГЕНТСТВО ВОЗДУШНОГО ТРАНСПОРТА (Росавиация)</document_issuer></underlying_document></underlying_docs><starting_date>2024-05-17</starting_date></restriction_encumbrance><restriction_encumbrance><encumbrance_type><code>022004000000</code><value>Ограничения прав на земельный участок, предусмотренные статьей 56 Земельного кодекса Российской Федерации</value></encumbrance_type><cad_link><reg_number_border><number>16:39-6.2600</number><name_by_doc>Четвёртая подзона Приаэродромной территории АО «АЭРОПОРТ БЕГИШЕВО»»</name_by_doc><type_zone><code>218020020005</code></type_zone></reg_number_border></cad_link><content_restrict_encumbrances>В пределах четвертой подзоны приаэродромной территории запрещается: 1. размещать объекты, создающие помехи в работе наземных средств и систем обслуживания воздушного движения, навигации, посадки и связи, предназначенных для организации воздушного движения и расположенных вне первой подзоны. 2. без согласования с оператором аэродрома размещение объектов, превышающих высотные ограничения: сектор 1 от 204 м до 204 м. сектор 2 от 176 м до 176 м. сектор 3 от 198 м до 198 м; сектор 4 от 191 м до 191 м; сектор 5 от 205 м до 205 м. сектор 6 от 196 м до 196 м. сектор 7 от 219 м до 219 м. сектор 8 от 181 м до 181 м. сектор 9 от 165 м до 165 м. сектор 10 от 198 м до 214 м. сектор 11 от 214 м до 218 м. сектор 12 от 218 м до 223 м. сектор 13 от 223 м до 227 м. сектор 14 от 227 м до 231 м. сектор 15 от 231 м до 236 м. сектор 16 от 236 м до 240 м. сектор 17 от 240 м до 245 м. сектор 18 от 245 м до 249 м. сектор 19 от 249 м до 253 м. сектор 20 от 253 м до 258 м. сектор 21 от 258 м до 262 м. сектор 22 от 262 м до 266 м. сектор 23 от 266 м до 271 м. сектор 24 от 271 м до 275 м. сектор 25 от 275 м до 279 м. сектор 26 от 279 м до 284 м. сектор 27 от 284 м до 288 м. сектор 28 от 288 м до 293 м. сектор 29 от 293 м до 297 м. сектор 30 от 297 м до 301 м. сектор 31 от 301 м до 306 м. сектор 32 от 306 м до 310 м. сектор 33 от 310 м до 314 м. сектор 34 от 314 м до 319 м. сектор 35 от 319 м до 323 м. сектор 36 от 323 м до 327 м. сектор 37 от 327 м до 332 м. сектор 38 от 332 м до 336 м. сектор 39 от 196 м до 211 м. сектор 40 от 196 м до 202 м. сектор 41 от 202 м до 209 м. сектор 42 от 209 м до 215 м. сектор 43 от 215 м до 222 м. сектор 44 от 222 м до 228 м. сектор 45 от 228 м до 235 м. сектор 46 от 235 м до 241 м. сектор 47 от 241 м до 248 м. сектор 48 от 248 м до 254 м. сектор 49 от 254 м до 261 м. сектор 50 от 261 м до 266 м. сектор 51 от 336 м до 378 м. сектор 52 от 378 м до 384 м. сектор 53 от 336 м до 404 м. сектор 54 от 404 м до 411 м. сектор 55 от 411 м до 417 м. сектор 56 от 586 м до 597 м. сектор 57 от 597 м до 612 м. сектор 58 от 612 м до 627 м. сектор 59 от 627 м до 642 м. сектор 60 от 642 м до 657 м. сектор 61 от 657 м до 672 м. сектор 62 от 672 м до 687 м. сектор 63 от 687 м до 702 м. сектор 64 от 702 м до 717 м.</content_restrict_encumbrances><underlying_docs><underlying_document><document_code><code>558401020000</code><value>Акты органов государственной власти или органов местного самоуправления</value></document_code><document_name>Приказ Росавиации № 661-П от 14.08.2023 г. Об установлении приаэродромной территории аэродрома гражданской авиации Нижнекамск (Бегишево)</document_name><document_number>661-П</document_number><document_date>2023-08-14</document_date><document_issuer>ФЕДЕРАЛЬНОЕ АГЕНТСТВО ВОЗДУШНОГО ТРАНСПОРТА (Росавиация</document_issuer></underlying_document><underlying_document><document_code><code>558401020000</code><value>Акты органов государственной власти или органов местного самоуправления</value></document_code><document_name>Приказ Росавиации от 18.02.2020 № 195-П "Об установлении приаэродромной территории аэродрома Бегишево (Нижнекамск)"</document_name><document_number>195-П</document_number><document_date>2020-02-18</document_date><document_issuer>ФЕДЕРАЛЬНОЕ АГЕНТСТВО ВОЗДУШНОГО ТРАНСПОРТА (Росавиация</document_issuer></underlying_document></underlying_docs><starting_date>2024-06-17</starting_date></restriction_encumbrance></restrictions_encumbrances></land_record><restrict_records><restrict_record><record_info><registration_date>2014-09-17T00:00:00+04:00</registration_date></record_info><restrictions_encumbrances_data><restriction_encumbrance_number>16-16-32/100/2014-165</restriction_encumbrance_number><restriction_encumbrance_type><code>022006000000</code><value>Аренда</value></restriction_encumbrance_type><period><period_info><start_date>2014-09-17</start_date><end_date>2048-06-29</end_date><deal_validity_time>с 17.09.2014 по 29.06.2048</deal_validity_time></period_info></period><restricting_rights><restricting_right><number>16:52:080201:4-16.RTRIGHTS.E.66677152</number><right_number>16-16-30/028/2006-409</right_number></restricting_right></restricting_rights></restrictions_encumbrances_data><right_holders><right_holder><individual><name>Физическое лицо</name></individual></right_holder></right_holders><underlying_documents><underlying_document><document_code><code>558401010209</code><value>Договор аренды (субаренды)</value></document_code><document_name>Договор передачи прав и обязанностей по договору аренды земельного участка</document_name><document_date>2014-09-05</document_date><deal_registered><deal_registered_number><number>16:52:080201:4-16.RTRIGHTS.E.11592834060</number><right_number>16-16-32/100/2014-165</right_number></deal_registered_number><deal_registered_date>2014-09-17T00:00:00+04:00</deal_registered_date></deal_registered></underlying_document><underlying_document><document_code><code>558401010209</code><value>Договор аренды (субаренды)</value></document_code><document_name>Договор на аренду земли</document_name><document_number>1127</document_number><document_date>1999-06-30</document_date><document_issuer>заключенный между Администрацией г. Набережные Челны РТ и Солодовым В.В.</document_issuer><deal_registered><deal_registered_number><right_number>16-16-30/028/2006-409</right_number></deal_registered_number><deal_registered_date>2006-07-21T00:00:00+04:00</deal_registered_date></deal_registered></underlying_document></underlying_documents></restrict_record></restrict_records><deal_records><deal_record><deal_data><deal_type><code>454002001000</code><value>Договор аренды (субаренды)</value></deal_type></deal_data></deal_record></deal_records><recipient_statement>высоцкий иван юрьевич</recipient_statement><status>Сведения об объекте недвижимости имеют статус "актуальные, ранее учтенные"</status></extract_about_property_land>