<?xml version="1.0" encoding="UTF-8"?><extract_about_property_land><details_statement><group_top_requisites><organ_registr_rights>Филиал публично-правовой компании "Роскадастр" по Республике Татарстан</organ_registr_rights><date_formation>2024-06-30</date_formation><registration_number>КУВИ-001/2024-171371340</registration_number></group_top_requisites></details_statement><details_request><date_received_request>2024-06-30</date_received_request><date_receipt_request_reg_authority_rights>2024-06-30</date_receipt_request_reg_authority_rights></details_request><land_record><record_info><registration_date>2003-10-17T00:00:00+04:00</registration_date></record_info><object><common_data><cad_number>16:52:080201:9</cad_number><quarter_cad_number>16:52:080201</quarter_cad_number><type><code>002001001000</code><value>Земельный участок</value></type></common_data><subtype><code>01</code><value>Землепользование</value></subtype></object><cad_links><included_objects><included_object><cad_number>16:52:000000:3737</cad_number></included_object><included_object><cad_number>16:52:020701:158251</cad_number></included_object><included_object><cad_number>16:52:020701:158661</cad_number></included_object><included_object><cad_number>16:52:020701:163247</cad_number></included_object><included_object><cad_number>16:52:080201:175</cad_number></included_object><included_object><cad_number>16:52:080201:176</cad_number></included_object><included_object><cad_number>16:52:080201:177</cad_number></included_object><included_object><cad_number>16:52:080201:321</cad_number></included_object><included_object><cad_number>16:52:080201:652</cad_number></included_object></included_objects><old_numbers><old_number><number_type><code>03</code><value>Кадастровый номер</value></number_type><number>16: 52: 08 02 01: 9</number></old_number></old_numbers></cad_links><params><category><type><code>003002000000</code><value>Земли населенных пунктов</value></type></category><permitted_use><permitted_use_established><by_document>под объектами производственного назначения</by_document></permitted_use_established></permitted_use><area><type><code>009</code><value>Уточненная площадь</value></type><value>50100</value><inaccuracy>78</inaccuracy></area></params><address_location><address><readable_address>Местоположение установлено относительно ориентира, расположенного в границах участка. Почтовый адрес ориентира: Республика Татарстан, г Набережные Челны, проезд Цеховой, 10.</readable_address></address></address_location><cad_works><cad_work><fio_cad_ingineer><surname>Насибуллина</surname><name>Альфия</name><patronymic>Нурулловна</patronymic></fio_cad_ingineer><date_cadastral>2012-06-21</date_cadastral></cad_work></cad_works><zones_and_boundaries><special_use_boundaries><special_use_boundary><reg_numb_border>16:00-6.4121</reg_numb_border></special_use_boundary><special_use_boundary><reg_numb_border>16:39-6.2604</reg_numb_border></special_use_boundary><special_use_boundary><reg_numb_border>16:39-6.2607</reg_numb_border></special_use_boundary><special_use_boundary><reg_numb_border>16:39-6.2605</reg_numb_border></special_use_boundary></special_use_boundaries></zones_and_boundaries><cost><value>22932227.91</value></cost><object_parts><object_part><part_number>3</part_number><mark_contains_property>false</mark_contains_property><entry_date>2017-07-11</entry_date><contours><contour><entity_spatial><sk_id>МСК-16</sk_id><spatials_elements><spatial_element><ordinates><ordinate><x>460151.34</x><y>2317449.88</y><ord_nmb>1</ord_nmb><delta_geopoint>0.1</delta_geopoint></ordinate><ordinate><x>460150.72</x><y>2317449.88</y><ord_nmb>2</ord_nmb></ordinate><ordinate><x>460150.83</x><y>2317450.58</y><ord_nmb>3</ord_nmb><geopoint_zacrep>Закрепление отсутствует</geopoint_zacrep><delta_geopoint>0.02</delta_geopoint></ordinate><ordinate><x>460152.57</x><y>2317450.28</y><ord_nmb>4</ord_nmb></ordinate><ordinate><x>460151.34</x><y>2317449.88</y><ord_nmb>1</ord_nmb><delta_geopoint>0.1</delta_geopoint></ordinate></ordinates></spatial_element><spatial_element><ordinates><ordinate><x>460156.86</x><y>2317452.66</y><ord_nmb>1</ord_nmb><delta_geopoint>0.1</delta_geopoint></ordinate><ordinate><x>460154.99</x><y>2317451.32</y><ord_nmb>2</ord_nmb></ordinate><ordinate><x>460160.61</x><y>2317484.37</y><ord_nmb>3</ord_nmb></ordinate><ordinate><x>460161.78</x><y>2317482.74</y><ord_nmb>4</ord_nmb><delta_geopoint>0.1</delta_geopoint></ordinate><ordinate><x>460162.73</x><y>2317479.76</y><ord_nmb>5</ord_nmb><delta_geopoint>0.1</delta_geopoint></ordinate><ordinate><x>460162.71</x><y>2317476.63</y><ord_nmb>6</ord_nmb><delta_geopoint>0.1</delta_geopoint></ordinate><ordinate><x>460159.69</x><y>2317458.15</y><ord_nmb>7</ord_nmb><delta_geopoint>0.1</delta_geopoint></ordinate><ordinate><x>460158.71</x><y>2317455.18</y><ord_nmb>8</ord_nmb><delta_geopoint>0.1</delta_geopoint></ordinate><ordinate><x>460156.86</x><y>2317452.66</y><ord_nmb>1</ord_nmb><delta_geopoint>0.1</delta_geopoint></ordinate></ordinates></spatial_element></spatials_elements></entity_spatial></contour></contours><area><type><code>002</code><value>Общая площадь</value></type><value>99</value></area></object_part><object_part><part_number>4</part_number><mark_contains_property>false</mark_contains_property><entry_date>2017-09-25</entry_date><contours><contour><entity_spatial><sk_id>МСК-16</sk_id><spatials_elements><spatial_element><ordinates><ordinate><x>460317.8</x><y>2317424.5</y><ord_nmb>1</ord_nmb><geopoint_zacrep>Закрепление отсутствует</geopoint_zacrep><delta_geopoint>0.02</delta_geopoint></ordinate><ordinate><x>460289.28</x><y>2317242.81</y><ord_nmb>2</ord_nmb></ordinate><ordinate><x>460268.85</x><y>2317248.66</y><ord_nmb>3</ord_nmb><delta_geopoint>0.1</delta_geopoint></ordinate><ordinate><x>460230.62</x><y>2317265.69</y><ord_nmb>4</ord_nmb><delta_geopoint>0.1</delta_geopoint></ordinate><ordinate><x>460195.12</x><y>2317287.86</y><ord_nmb>5</ord_nmb><delta_geopoint>0.1</delta_geopoint></ordinate><ordinate><x>460163.06</x><y>2317314.77</y><ord_nmb>6</ord_nmb><delta_geopoint>0.1</delta_geopoint></ordinate><ordinate><x>460135.06</x><y>2317345.87</y><ord_nmb>7</ord_nmb><delta_geopoint>0.1</delta_geopoint></ordinate><ordinate><x>460134.05</x><y>2317347.37</y><ord_nmb>8</ord_nmb></ordinate><ordinate><x>460150.83</x><y>2317450.58</y><ord_nmb>9</ord_nmb><geopoint_zacrep>Закрепление отсутствует</geopoint_zacrep><delta_geopoint>0.02</delta_geopoint></ordinate><ordinate><x>460154.75</x><y>2317449.9</y><ord_nmb>10</ord_nmb><geopoint_zacrep>Закрепление отсутствует</geopoint_zacrep><delta_geopoint>0.02</delta_geopoint></ordinate><ordinate><x>460165.74</x><y>2317514.55</y><ord_nmb>11</ord_nmb><geopoint_zacrep>Закрепление отсутствует</geopoint_zacrep><delta_geopoint>0.02</delta_geopoint></ordinate><ordinate><x>460168.56</x><y>2317518.3</y><ord_nmb>12</ord_nmb><geopoint_zacrep>Закрепление отсутствует</geopoint_zacrep><delta_geopoint>0.02</delta_geopoint></ordinate><ordinate><x>460175.02</x><y>2317523.04</y><ord_nmb>13</ord_nmb><geopoint_zacrep>Закрепление отсутствует</geopoint_zacrep><delta_geopoint>0.02</delta_geopoint></ordinate><ordinate><x>460175.23</x><y>2317522.91</y><ord_nmb>14</ord_nmb><geopoint_zacrep>Закрепление отсутствует</geopoint_zacrep><delta_geopoint>0.02</delta_geopoint></ordinate><ordinate><x>460180.47</x><y>2317519.66</y><ord_nmb>15</ord_nmb><geopoint_zacrep>Закрепление отсутствует</geopoint_zacrep><delta_geopoint>0.02</delta_geopoint></ordinate><ordinate><x>460198.95</x><y>2317516.62</y><ord_nmb>16</ord_nmb><geopoint_zacrep>Закрепление отсутствует</geopoint_zacrep><delta_geopoint>0.02</delta_geopoint></ordinate><ordinate><x>460328.26</x><y>2317495.43</y><ord_nmb>17</ord_nmb><geopoint_zacrep>Закрепление отсутствует</geopoint_zacrep><delta_geopoint>0.02</delta_geopoint></ordinate><ordinate><x>460328.74</x><y>2317495.35</y><ord_nmb>18</ord_nmb><geopoint_zacrep>Закрепление отсутствует</geopoint_zacrep><delta_geopoint>0.02</delta_geopoint></ordinate><ordinate><x>460328.66</x><y>2317494.52</y><ord_nmb>19</ord_nmb><geopoint_zacrep>Закрепление отсутствует</geopoint_zacrep><delta_geopoint>0.02</delta_geopoint></ordinate><ordinate><x>460324.35</x><y>2317465.62</y><ord_nmb>20</ord_nmb><geopoint_zacrep>Закрепление отсутствует</geopoint_zacrep><delta_geopoint>0.02</delta_geopoint></ordinate><ordinate><x>460317.8</x><y>2317424.5</y><ord_nmb>1</ord_nmb><geopoint_zacrep>Закрепление отсутствует</geopoint_zacrep><delta_geopoint>0.02</delta_geopoint></ordinate></ordinates></spatial_element></spatials_elements></entity_spatial></contour></contours><area><type><code>002</code><value>Общая площадь</value></type><value>38191</value></area></object_part><object_part><part_number>5</part_number><entry_date>2021-01-26</entry_date><contours><contour><entity_spatial><spatials_elements><spatial_element><ordinates><ordinate><x>460280.55</x><y>2317183.31</y><ord_nmb>1</ord_nmb></ordinate><ordinate><x>460281.34</x><y>2317189.22</y><ord_nmb>2</ord_nmb></ordinate><ordinate><x>460281.12</x><y>2317190.53</y><ord_nmb>3</ord_nmb></ordinate><ordinate><x>460282.06</x><y>2317196.82</y><ord_nmb>4</ord_nmb></ordinate><ordinate><x>460311.66</x><y>2317385.41</y><ord_nmb>5</ord_nmb></ordinate><ordinate><x>460214.9</x><y>2317418.24</y><ord_nmb>6</ord_nmb></ordinate><ordinate><x>460148.68</x><y>2317437.37</y><ord_nmb>7</ord_nmb></ordinate><ordinate><x>460133.46</x><y>2317343.74</y><ord_nmb>8</ord_nmb></ordinate><ordinate><x>460119.32</x><y>2317258.85</y><ord_nmb>9</ord_nmb></ordinate><ordinate><x>460114.7</x><y>2317231.09</y><ord_nmb>10</ord_nmb></ordinate><ordinate><x>460258.41</x><y>2317208.42</y><ord_nmb>11</ord_nmb></ordinate><ordinate><x>460258.69</x><y>2317204.76</y><ord_nmb>12</ord_nmb></ordinate><ordinate><x>460259.74</x><y>2317199.96</y><ord_nmb>13</ord_nmb></ordinate><ordinate><x>460261.38</x><y>2317195.5</y><ord_nmb>14</ord_nmb></ordinate><ordinate><x>460263.27</x><y>2317191.86</y><ord_nmb>15</ord_nmb></ordinate><ordinate><x>460265.49</x><y>2317188.57</y><ord_nmb>16</ord_nmb></ordinate><ordinate><x>460267.87</x><y>2317185.76</y><ord_nmb>17</ord_nmb></ordinate><ordinate><x>460280.55</x><y>2317183.31</y><ord_nmb>1</ord_nmb></ordinate></ordinates></spatial_element></spatials_elements></entity_spatial></contour></contours><area><type><code>002</code><value>Общая площадь</value></type><value>33892</value></area><content_restrictions><reg_numb_border><reg_number>16:00-6.4121</reg_number></reg_numb_border></content_restrictions></object_part><object_part><part_number>6</part_number><entry_date>2023-09-15</entry_date><contours><contour><entity_spatial><spatials_elements><spatial_element><ordinates><ordinate><x>460280.55</x><y>2317183.31</y><ord_nmb>1</ord_nmb></ordinate><ordinate><x>460281.34</x><y>2317189.22</y><ord_nmb>2</ord_nmb></ordinate><ordinate><x>460281.12</x><y>2317190.53</y><ord_nmb>3</ord_nmb></ordinate><ordinate><x>460282.06</x><y>2317196.82</y><ord_nmb>4</ord_nmb></ordinate><ordinate><x>460289.96</x><y>2317247.13</y><ord_nmb>5</ord_nmb></ordinate><ordinate><x>460140.46</x><y>2317386.77</y><ord_nmb>6</ord_nmb></ordinate><ordinate><x>460133.46</x><y>2317343.74</y><ord_nmb>7</ord_nmb></ordinate><ordinate><x>460119.32</x><y>2317258.85</y><ord_nmb>8</ord_nmb></ordinate><ordinate><x>460114.7</x><y>2317231.09</y><ord_nmb>9</ord_nmb></ordinate><ordinate><x>460258.41</x><y>2317208.42</y><ord_nmb>10</ord_nmb></ordinate><ordinate><x>460258.69</x><y>2317204.76</y><ord_nmb>11</ord_nmb></ordinate><ordinate><x>460259.74</x><y>2317199.96</y><ord_nmb>12</ord_nmb></ordinate><ordinate><x>460261.38</x><y>2317195.5</y><ord_nmb>13</ord_nmb></ordinate><ordinate><x>460263.27</x><y>2317191.86</y><ord_nmb>14</ord_nmb></ordinate><ordinate><x>460265.49</x><y>2317188.57</y><ord_nmb>15</ord_nmb></ordinate><ordinate><x>460267.87</x><y>2317185.76</y><ord_nmb>16</ord_nmb></ordinate><ordinate><x>460280.55</x><y>2317183.31</y><ord_nmb>17</ord_nmb></ordinate></ordinates></spatial_element></spatials_elements></entity_spatial></contour></contours><area><type><code>002</code><value>Общая площадь</value></type><value>17543</value></area><content_restrictions><reg_numb_border><reg_number>16:39-6.2604</reg_number></reg_numb_border></content_restrictions></object_part><object_part><part_number>7</part_number><entry_date>2024-03-06</entry_date><contours><contour><entity_spatial><spatials_elements><spatial_element><ordinates><ordinate><x>460280.55</x><y>2317183.31</y><ord_nmb>1</ord_nmb></ordinate><ordinate><x>460281.34</x><y>2317189.22</y><ord_nmb>2</ord_nmb></ordinate><ordinate><x>460281.12</x><y>2317190.53</y><ord_nmb>3</ord_nmb></ordinate><ordinate><x>460282.06</x><y>2317196.82</y><ord_nmb>4</ord_nmb></ordinate><ordinate><x>460317.8</x><y>2317424.5</y><ord_nmb>5</ord_nmb></ordinate><ordinate><x>460324.35</x><y>2317465.62</y><ord_nmb>6</ord_nmb></ordinate><ordinate><x>460328.66</x><y>2317494.52</y><ord_nmb>7</ord_nmb></ordinate><ordinate><x>460328.74</x><y>2317495.35</y><ord_nmb>8</ord_nmb></ordinate><ordinate><x>460328.26</x><y>2317495.43</y><ord_nmb>9</ord_nmb></ordinate><ordinate><x>460210.44</x><y>2317514.74</y><ord_nmb>10</ord_nmb></ordinate><ordinate><x>460146.03</x><y>2317421.07</y><ord_nmb>11</ord_nmb></ordinate><ordinate><x>460133.46</x><y>2317343.74</y><ord_nmb>12</ord_nmb></ordinate><ordinate><x>460119.32</x><y>2317258.85</y><ord_nmb>13</ord_nmb></ordinate><ordinate><x>460114.7</x><y>2317231.09</y><ord_nmb>14</ord_nmb></ordinate><ordinate><x>460258.41</x><y>2317208.42</y><ord_nmb>15</ord_nmb></ordinate><ordinate><x>460258.69</x><y>2317204.76</y><ord_nmb>16</ord_nmb></ordinate><ordinate><x>460259.74</x><y>2317199.96</y><ord_nmb>17</ord_nmb></ordinate><ordinate><x>460261.38</x><y>2317195.5</y><ord_nmb>18</ord_nmb></ordinate><ordinate><x>460263.27</x><y>2317191.86</y><ord_nmb>19</ord_nmb></ordinate><ordinate><x>460265.49</x><y>2317188.57</y><ord_nmb>20</ord_nmb></ordinate><ordinate><x>460267.87</x><y>2317185.76</y><ord_nmb>21</ord_nmb></ordinate><ordinate><x>460280.55</x><y>2317183.31</y><ord_nmb>22</ord_nmb></ordinate></ordinates></spatial_element></spatials_elements></entity_spatial></contour></contours><area><type><code>002</code><value>Общая площадь</value></type><value>47920</value></area><content_restrictions><reg_numb_border><reg_number>16:39-6.2607</reg_number></reg_numb_border></content_restrictions></object_part><object_part><part_number>8</part_number><entry_date>2024-05-20</entry_date><contours><contour><entity_spatial><spatials_elements><spatial_element><ordinates><ordinate><x>460280.55</x><y>2317183.31</y><ord_nmb>1</ord_nmb></ordinate><ordinate><x>460281.34</x><y>2317189.22</y><ord_nmb>2</ord_nmb></ordinate><ordinate><x>460281.12</x><y>2317190.53</y><ord_nmb>3</ord_nmb></ordinate><ordinate><x>460282.06</x><y>2317196.82</y><ord_nmb>4</ord_nmb></ordinate><ordinate><x>460317.8</x><y>2317424.5</y><ord_nmb>5</ord_nmb></ordinate><ordinate><x>460324.35</x><y>2317465.62</y><ord_nmb>6</ord_nmb></ordinate><ordinate><x>460328.66</x><y>2317494.52</y><ord_nmb>7</ord_nmb></ordinate><ordinate><x>460328.74</x><y>2317495.35</y><ord_nmb>8</ord_nmb></ordinate><ordinate><x>460328.26</x><y>2317495.43</y><ord_nmb>9</ord_nmb></ordinate><ordinate><x>460210.68</x><y>2317514.7</y><ord_nmb>10</ord_nmb></ordinate><ordinate><x>460145.95</x><y>2317420.56</y><ord_nmb>11</ord_nmb></ordinate><ordinate><x>460133.46</x><y>2317343.74</y><ord_nmb>12</ord_nmb></ordinate><ordinate><x>460119.32</x><y>2317258.85</y><ord_nmb>13</ord_nmb></ordinate><ordinate><x>460114.7</x><y>2317231.09</y><ord_nmb>14</ord_nmb></ordinate><ordinate><x>460258.41</x><y>2317208.42</y><ord_nmb>15</ord_nmb></ordinate><ordinate><x>460258.69</x><y>2317204.76</y><ord_nmb>16</ord_nmb></ordinate><ordinate><x>460259.74</x><y>2317199.96</y><ord_nmb>17</ord_nmb></ordinate><ordinate><x>460261.38</x><y>2317195.5</y><ord_nmb>18</ord_nmb></ordinate><ordinate><x>460263.27</x><y>2317191.86</y><ord_nmb>19</ord_nmb></ordinate><ordinate><x>460265.49</x><y>2317188.57</y><ord_nmb>20</ord_nmb></ordinate><ordinate><x>460267.87</x><y>2317185.76</y><ord_nmb>21</ord_nmb></ordinate><ordinate><x>460280.55</x><y>2317183.31</y><ord_nmb>22</ord_nmb></ordinate></ordinates></spatial_element></spatials_elements></entity_spatial></contour></contours><area><type><code>002</code><value>Общая площадь</value></type><value>47895</value></area><content_restrictions><reg_numb_border><reg_number>16:39-6.2605</reg_number></reg_numb_border></content_restrictions></object_part></object_parts><contours_location><contours><contour><number_pp>1</number_pp><cad_number>16:52:080201:9</cad_number><entity_spatial><sk_id>МСК-16</sk_id><spatials_elements><spatial_element><ordinates><ordinate><x>460280.55</x><y>2317183.31</y><ord_nmb>1</ord_nmb><delta_geopoint>0.02</delta_geopoint></ordinate><ordinate><x>460281.34</x><y>2317189.22</y><ord_nmb>2</ord_nmb><delta_geopoint>0.02</delta_geopoint></ordinate><ordinate><x>460281.12</x><y>2317190.53</y><ord_nmb>3</ord_nmb><delta_geopoint>0.02</delta_geopoint></ordinate><ordinate><x>460282.06</x><y>2317196.82</y><ord_nmb>4</ord_nmb><delta_geopoint>0.02</delta_geopoint></ordinate><ordinate><x>460317.8</x><y>2317424.5</y><ord_nmb>5</ord_nmb><delta_geopoint>0.02</delta_geopoint></ordinate><ordinate><x>460324.35</x><y>2317465.62</y><ord_nmb>6</ord_nmb><delta_geopoint>0.02</delta_geopoint></ordinate><ordinate><x>460328.66</x><y>2317494.52</y><ord_nmb>7</ord_nmb><delta_geopoint>0.02</delta_geopoint></ordinate><ordinate><x>460328.74</x><y>2317495.35</y><ord_nmb>8</ord_nmb><delta_geopoint>0.02</delta_geopoint></ordinate><ordinate><x>460328.26</x><y>2317495.43</y><ord_nmb>9</ord_nmb><delta_geopoint>0.02</delta_geopoint></ordinate><ordinate><x>460198.95</x><y>2317516.62</y><ord_nmb>10</ord_nmb><delta_geopoint>0.02</delta_geopoint></ordinate><ordinate><x>460180.47</x><y>2317519.66</y><ord_nmb>11</ord_nmb><delta_geopoint>0.02</delta_geopoint></ordinate><ordinate><x>460175.23</x><y>2317522.91</y><ord_nmb>12</ord_nmb><delta_geopoint>0.02</delta_geopoint></ordinate><ordinate><x>460175.02</x><y>2317523.04</y><ord_nmb>13</ord_nmb><delta_geopoint>0.02</delta_geopoint></ordinate><ordinate><x>460168.56</x><y>2317518.3</y><ord_nmb>14</ord_nmb><delta_geopoint>0.02</delta_geopoint></ordinate><ordinate><x>460165.74</x><y>2317514.55</y><ord_nmb>15</ord_nmb><delta_geopoint>0.02</delta_geopoint></ordinate><ordinate><x>460154.75</x><y>2317449.9</y><ord_nmb>16</ord_nmb><delta_geopoint>0.02</delta_geopoint></ordinate><ordinate><x>460150.83</x><y>2317450.58</y><ord_nmb>17</ord_nmb><delta_geopoint>0.02</delta_geopoint></ordinate><ordinate><x>460133.46</x><y>2317343.74</y><ord_nmb>18</ord_nmb><delta_geopoint>0.02</delta_geopoint></ordinate><ordinate><x>460119.32</x><y>2317258.85</y><ord_nmb>19</ord_nmb><delta_geopoint>0.02</delta_geopoint></ordinate><ordinate><x>460114.7</x><y>2317231.09</y><ord_nmb>20</ord_nmb><delta_geopoint>0.02</delta_geopoint></ordinate><ordinate><x>460258.41</x><y>2317208.42</y><ord_nmb>21</ord_nmb><delta_geopoint>0.02</delta_geopoint></ordinate><ordinate><x>460258.69</x><y>2317204.76</y><ord_nmb>22</ord_nmb><delta_geopoint>0.02</delta_geopoint></ordinate><ordinate><x>460259.74</x><y>2317199.96</y><ord_nmb>23</ord_nmb><delta_geopoint>0.02</delta_geopoint></ordinate><ordinate><x>460261.38</x><y>2317195.5</y><ord_nmb>24</ord_nmb><delta_geopoint>0.02</delta_geopoint></ordinate><ordinate><x>460263.27</x><y>2317191.86</y><ord_nmb>25</ord_nmb><delta_geopoint>0.02</delta_geopoint></ordinate><ordinate><x>460265.49</x><y>2317188.57</y><ord_nmb>26</ord_nmb><delta_geopoint>0.02</delta_geopoint></ordinate><ordinate><x>460267.87</x><y>2317185.76</y><ord_nmb>27</ord_nmb><delta_geopoint>0.02</delta_geopoint></ordinate><ordinate><x>460280.55</x><y>2317183.31</y><ord_nmb>1</ord_nmb><delta_geopoint>0.02</delta_geopoint></ordinate></ordinates></spatial_element></spatials_elements></entity_spatial></contour></contours><borders><border><by_definition><nmb_contour>1</nmb_contour><spatial_element>1</spatial_element><point1>1</point1><point2>2</point2></by_definition><direction_angle>82°23.2`</direction_angle><horizontal_distance>5.96</horizontal_distance></border><border><by_definition><nmb_contour>1</nmb_contour><spatial_element>1</spatial_element><point1>2</point1><point2>3</point2></by_definition><direction_angle>99°32.0`</direction_angle><horizontal_distance>1.33</horizontal_distance></border><border><by_definition><nmb_contour>1</nmb_contour><spatial_element>1</spatial_element><point1>3</point1><point2>4</point2></by_definition><direction_angle>81°30.0`</direction_angle><horizontal_distance>6.36</horizontal_distance></border><border><by_definition><nmb_contour>1</nmb_contour><spatial_element>1</spatial_element><point1>4</point1><point2>5</point2></by_definition><direction_angle>81°4.7`</direction_angle><horizontal_distance>230.47</horizontal_distance></border><border><by_definition><nmb_contour>1</nmb_contour><spatial_element>1</spatial_element><point1>5</point1><point2>6</point2></by_definition><direction_angle>80°56.9`</direction_angle><horizontal_distance>41.64</horizontal_distance></border><border><by_definition><nmb_contour>1</nmb_contour><spatial_element>1</spatial_element><point1>6</point1><point2>7</point2></by_definition><direction_angle>81°31.1`</direction_angle><horizontal_distance>29.22</horizontal_distance></border><border><by_definition><nmb_contour>1</nmb_contour><spatial_element>1</spatial_element><point1>7</point1><point2>8</point2></by_definition><direction_angle>84°29.7`</direction_angle><horizontal_distance>0.83</horizontal_distance></border><border><by_definition><nmb_contour>1</nmb_contour><spatial_element>1</spatial_element><point1>8</point1><point2>9</point2></by_definition><direction_angle>170°32.3`</direction_angle><horizontal_distance>0.49</horizontal_distance><cadastral_numbs_adjacent_parcels><cadastral_numb_adjacent_parcel><cad_number>16:52:080201:658</cad_number></cadastral_numb_adjacent_parcel><cadastral_numb_adjacent_parcel><cad_number>16:52:080201:15(1)</cad_number></cadastral_numb_adjacent_parcel></cadastral_numbs_adjacent_parcels></border><border><by_definition><nmb_contour>1</nmb_contour><spatial_element>1</spatial_element><point1>9</point1><point2>10</point2></by_definition><direction_angle>170°41.6`</direction_angle><horizontal_distance>131.03</horizontal_distance><cadastral_numbs_adjacent_parcels><cadastral_numb_adjacent_parcel><cad_number>16:52:080201:658</cad_number></cadastral_numb_adjacent_parcel><cadastral_numb_adjacent_parcel><cad_number>16:52:080201:15(1)</cad_number></cadastral_numb_adjacent_parcel></cadastral_numbs_adjacent_parcels></border><border><by_definition><nmb_contour>1</nmb_contour><spatial_element>1</spatial_element><point1>10</point1><point2>11</point2></by_definition><direction_angle>170°39.5`</direction_angle><horizontal_distance>18.73</horizontal_distance><cadastral_numbs_adjacent_parcels><cadastral_numb_adjacent_parcel><cad_number>16:52:080201:658</cad_number></cadastral_numb_adjacent_parcel><cadastral_numb_adjacent_parcel><cad_number>16:52:080201:15(1)</cad_number></cadastral_numb_adjacent_parcel></cadastral_numbs_adjacent_parcels></border><border><by_definition><nmb_contour>1</nmb_contour><spatial_element>1</spatial_element><point1>11</point1><point2>12</point2></by_definition><direction_angle>148°11.5`</direction_angle><horizontal_distance>6.17</horizontal_distance><cadastral_numbs_adjacent_parcels><cadastral_numb_adjacent_parcel><cad_number>16:52:080201:658</cad_number></cadastral_numb_adjacent_parcel><cadastral_numb_adjacent_parcel><cad_number>16:52:080201:15(1)</cad_number></cadastral_numb_adjacent_parcel></cadastral_numbs_adjacent_parcels></border><border><by_definition><nmb_contour>1</nmb_contour><spatial_element>1</spatial_element><point1>12</point1><point2>13</point2></by_definition><direction_angle>148°14.5`</direction_angle><horizontal_distance>0.25</horizontal_distance><cadastral_numbs_adjacent_parcels><cadastral_numb_adjacent_parcel><cad_number>16:52:080201:658</cad_number></cadastral_numb_adjacent_parcel><cadastral_numb_adjacent_parcel><cad_number>16:52:080201:15(1)</cad_number></cadastral_numb_adjacent_parcel></cadastral_numbs_adjacent_parcels></border><border><by_definition><nmb_contour>1</nmb_contour><spatial_element>1</spatial_element><point1>13</point1><point2>14</point2></by_definition><direction_angle>216°16.1`</direction_angle><horizontal_distance>8.01</horizontal_distance></border><border><by_definition><nmb_contour>1</nmb_contour><spatial_element>1</spatial_element><point1>14</point1><point2>15</point2></by_definition><direction_angle>233°3.4`</direction_angle><horizontal_distance>4.69</horizontal_distance></border><border><by_definition><nmb_contour>1</nmb_contour><spatial_element>1</spatial_element><point1>15</point1><point2>16</point2></by_definition><direction_angle>260°21.1`</direction_angle><horizontal_distance>65.58</horizontal_distance></border><border><by_definition><nmb_contour>1</nmb_contour><spatial_element>1</spatial_element><point1>16</point1><point2>17</point2></by_definition><direction_angle>170°9.5`</direction_angle><horizontal_distance>3.98</horizontal_distance></border><border><by_definition><nmb_contour>1</nmb_contour><spatial_element>1</spatial_element><point1>17</point1><point2>18</point2></by_definition><direction_angle>260°46.0`</direction_angle><horizontal_distance>108.24</horizontal_distance></border><border><by_definition><nmb_contour>1</nmb_contour><spatial_element>1</spatial_element><point1>18</point1><point2>19</point2></by_definition><direction_angle>260°32.6`</direction_angle><horizontal_distance>86.06</horizontal_distance></border><border><by_definition><nmb_contour>1</nmb_contour><spatial_element>1</spatial_element><point1>19</point1><point2>20</point2></by_definition><direction_angle>260°33.1`</direction_angle><horizontal_distance>28.14</horizontal_distance></border><border><by_definition><nmb_contour>1</nmb_contour><spatial_element>1</spatial_element><point1>20</point1><point2>21</point2></by_definition><direction_angle>351°2.2`</direction_angle><horizontal_distance>145.49</horizontal_distance></border><border><by_definition><nmb_contour>1</nmb_contour><spatial_element>1</spatial_element><point1>21</point1><point2>22</point2></by_definition><direction_angle>274°22.5`</direction_angle><horizontal_distance>3.67</horizontal_distance></border><border><by_definition><nmb_contour>1</nmb_contour><spatial_element>1</spatial_element><point1>22</point1><point2>23</point2></by_definition><direction_angle>282°20.3`</direction_angle><horizontal_distance>4.91</horizontal_distance></border><border><by_definition><nmb_contour>1</nmb_contour><spatial_element>1</spatial_element><point1>23</point1><point2>24</point2></by_definition><direction_angle>290°11.3`</direction_angle><horizontal_distance>4.75</horizontal_distance></border><border><by_definition><nmb_contour>1</nmb_contour><spatial_element>1</spatial_element><point1>24</point1><point2>25</point2></by_definition><direction_angle>297°26.4`</direction_angle><horizontal_distance>4.1</horizontal_distance></border><border><by_definition><nmb_contour>1</nmb_contour><spatial_element>1</spatial_element><point1>25</point1><point2>26</point2></by_definition><direction_angle>304°0.6`</direction_angle><horizontal_distance>3.97</horizontal_distance></border><border><by_definition><nmb_contour>1</nmb_contour><spatial_element>1</spatial_element><point1>26</point1><point2>27</point2></by_definition><direction_angle>310°15.8`</direction_angle><horizontal_distance>3.68</horizontal_distance></border><border><by_definition><nmb_contour>1</nmb_contour><spatial_element>1</spatial_element><point1>27</point1><point2>1</point2></by_definition><direction_angle>349°3.8`</direction_angle><horizontal_distance>12.91</horizontal_distance></border></borders></contours_location><special_notes>Сведения об ограничениях права на объект недвижимости, обременениях данного объекта, не зарегистрированных в реестре прав, ограничений прав и обременений недвижимого имущества: Вид ограничения (обременения): Ограничения прав на земельный участок, предусмотренные статьей 56 Земельного кодекса Российской Федерации; срок действия: c 11.07.2017; Реквизиты документа-основания: Постановление Правительства РФ "О порядке установления охранных зон объектов электросетевого хозяйства и особых условий использования земельных участков, расположенных в границах таких зон" от 2009-02-24 № 160 выдан: Правительство Российской Федерации. Вид ограничения (обременения): Ограничения прав на земельный участок, предусмотренные статьей 56 Земельного кодекса Российской Федерации; срок действия: c 20.09.2017; Реквизиты документа-основания: Решение №136 об установлении размера санитарно-защитной зоны для предприятия по производству алюминиевых профилей АО "ТАТПРОФ" от 2016-06-06 № 11/11994 выдан: Главный государственный санитарный врач по Республике Татарстан (Татарстан). Вид ограничения (обременения): Ограничения прав на земельный участок, предусмотренные статьей 56 Земельного кодекса Российской Федерации; срок действия: c 26.01.2021; Реквизиты документа-основания: Об установлении санитарно-защитной зоны объекта Асфальтобетонный завод (АБЗ) Челнинского филиала АО "Татавтодор", расположенного по адресу: Российская Федерация, Республика Татарстан, г.Набережные Челны, район БСИ от 2020-05-14 № 02/9365-2020-27 выдан: Управление Роспотребнадзора по Республике Татарстан. Вид ограничения (обременения): Ограничения прав на земельный участок, предусмотренные статьей 56 Земельного кодекса Российской Федерации; срок действия: c 15.09.2023; Реквизиты документа-основания: Приказ Росавиации от 18.02.2020 № 195-П "Об установлении приаэродромной территории аэродрома Бегишево (Нижнекамск)" от 2020-02-18 № 195-П выдан: ФЕДЕРАЛЬНОЕ АГЕНТСТВО ВОЗДУШНОГО ТРАНСПОРТА (Росавиация). Вид ограничения (обременения): Ограничения прав на земельный участок, предусмотренные статьей 56 Земельного кодекса Российской Федерации; срок действия: c 06.03.2024; Реквизиты документа-основания: Приказ Росавиации от 18.02.2020 № 195-П "Об установлении приаэродромной территории аэродрома Бегишево (Нижнекамск)" от 2020-02-18 № 195-П выдан: ФЕДЕРАЛЬНОЕ АГЕНТСТВО ВОЗДУШНОГО ТРАНСПОРТА (Росавиация). Вид ограничения (обременения): Ограничения прав на земельный участок, предусмотренные статьей 56 Земельного кодекса Российской Федерации; срок действия: c 20.05.2024; Реквизиты документа-основания: Приказ "Об установлении приаэродромной территории аэродрома аэродрома Бегишево (Нижнекамск)" от 2020-02-18 № 195-П выдан: ФЕДЕРАЛЬНОЕ АГЕНТСТВО ВОЗДУШНОГО ТРАНСПОРТА (Росавиация).</special_notes><restrictions_encumbrances><restriction_encumbrance><encumbrance_type><code>022006000000</code><value>Аренда</value></encumbrance_type><part_number>1</part_number><persons><individual><surname>Невирович</surname><name>Светлана</name><patronymic>Константиновна</patronymic><birth_date>1976-09-21</birth_date><identity_doc><document_code><code>008002099000</code><value>Иной документ</value></document_code><document_name>Российский паспорт</document_name><document_series>40 99</document_series><document_number>331556</document_number><document_date>2000-03-20</document_date><document_issuer>45 ОМ Невского р-на г.Санкт-Петербурга</document_issuer></identity_doc></individual></persons><content_restrict_encumbrances>Договор перенайма</content_restrict_encumbrances><underlying_docs><underlying_document><document_code><code>558402990000</code><value>Иной документ</value></document_code><document_name>Инвентаризационная опись</document_name><document_number>1</document_number><document_date>2002-04-15</document_date><document_issuer>Городской комитет по земельным ресурсам и земельной реформе г.Наб.Челны</document_issuer></underlying_document></underlying_docs><starting_date>2004-06-15</starting_date><cancel_date>2008-03-24</cancel_date></restriction_encumbrance><restriction_encumbrance><encumbrance_type><code>022006000000</code><value>Аренда</value></encumbrance_type><part_number>2</part_number><persons><legal_entity><entity><resident><name>ООО "Логистика"</name><inn>1655116375</inn></resident></entity></legal_entity></persons><content_restrict_encumbrances>Аренда земли на 49 лет</content_restrict_encumbrances><underlying_docs><underlying_document><document_code><code>558402990000</code><value>Иной документ</value></document_code><document_name>Постановление исполнительного комитета г.Набережные Челны</document_name><document_number>654</document_number><document_date>2008-03-24</document_date></underlying_document></underlying_docs><starting_date>2003-10-17</starting_date><cancel_date>2011-06-07</cancel_date></restriction_encumbrance><restriction_encumbrance><encumbrance_type><code>022004000000</code><value>Ограничения прав на земельный участок, предусмотренные статьей 56 Земельного кодекса Российской Федерации</value></encumbrance_type><part_number>3</part_number><cad_link><reg_number_border><number>16.52.2.2535</number></reg_number_border></cad_link><content_restrict_encumbrances>Ограничения на использование объекта: В охранных зонах запрещается: а) набрасывать на провода и опоры воздушных линий электропередачи посторонние предметы, а также подниматься на опоры воздушных линий электропередачи; б) размещать любые объекты и предметы (материалы) в пределах созданных в соответствии с требованиями нормативно-технических документов проходов и подъездов для доступа к объектам электросетевого хозяйства, а также проводить любые работы и возводить сооружения, которые могут препятствовать доступу к объектам электросетевого хозяйства, без создания необходимых для такого доступа проходов и подъездов; в) находиться в пределах огороженной территории и помещениях распределительных устройств и подстанций, открывать двери и люки распределительных устройств и подстанций, производить переключения и подключения в электрических сетях (указанное требование не распространяется на работников, занятых выполнением разрешенных в установленном порядке работ), разводить огонь в пределах охранных зон вводных и распределительных устройств, подстанций, воздушных линий электропередачи, а также в охранных зонах кабельных линий электропередачи; г) размещать свалки; д) производить работы ударными механизмами, сбрасывать тяжести массой свыше 5 тонн, производить сброс и слив едких и коррозионных веществ и горюче-смазочных материалов (в охранных зонах подземных кабельных линий электропередачи); е) складировать или размещать хранилища любых, в том числе горюче-смазочных, материалов; ж) размещать детские и спортивные площадки, стадионы, рынки, торговые точки, полевые станы, загоны для скота, гаражи и стоянки всех видов машин и механизмов, проводить любые мероприятия, связанные с большим скоплением людей, не занятых выполнением разрешенных в установленном порядке работ (в охранных зонах воздушных линий электропередачи); (в ред. Постановления Правительства РФ от 26.08.2013 N 736) з) использовать (запускать) любые летательные аппараты, в том числе воздушных змеев, спортивные модели летательных аппаратов (в охранных зонах воздушных линий электропередачи); и) бросать якоря с судов и осуществлять их проход с отданными якорями, цепями, лотами, волокушами и тралами (в охранных зонах подводных кабельных линий электропередачи); к) осуществлять проход судов с поднятыми стрелами кранов и других механизмов (в охранных зонах воздушных линий электропередачи).</content_restrict_encumbrances><underlying_docs><underlying_document><document_code><code>558401020300</code><value>Постановление Правительства Российской Федерации</value></document_code><document_name>Постановление Правительства РФ "О порядке установления охранных зон объектов электросетевого хозяйства и особых условий использования земельных участков, расположенных в границах таких зон"</document_name><document_number>160</document_number><document_date>2009-02-24</document_date><document_issuer>Правительство Российской Федерации</document_issuer></underlying_document></underlying_docs><starting_date>2017-07-11</starting_date></restriction_encumbrance><restriction_encumbrance><encumbrance_type><code>022004000000</code><value>Ограничения прав на земельный участок, предусмотренные статьей 56 Земельного кодекса Российской Федерации</value></encumbrance_type><part_number>4</part_number><cad_link><reg_number_border><number>16.52.2.2754</number></reg_number_border></cad_link><content_restrict_encumbrances>Общая площадь территории в границах санитарно-защитной зоны для предприятия по производству алюминиевых профилей (производственная база) АО "ТАТПРОФ" составляет 630369 кв.м. Размер санитарно-защитной зоны установлен на основании Решения №136 Главного государственного санитарного врача по Республике Татарстан (Татарстан) №11/11994 от 06.06.2016 следующих размеров: -от границы территории промплощадки на расстоянии 300 м по периметру предприятия. Согласно СанПиН 2.2.1/2.1.1.1200-03 "Санитарно-защитные зоны и санитарная классификация предприятий, сооружений и иных объектов", утвержденным Постановлением Главного государственного санитарного врача РФ №74 от 25.09.2007, в санитарно-защитной зоне не допускается размещать: жилую застройку, включая отдельные жилые дома, ландшафтно-рекреационные зоны, зоны отдыха, территории курортов, санаториев и домов отдыха, территорий садоводческих товариществ и коттеджной застройки, коллективных или индивидуальных дачных и садово-огородных участков, а также других территорий с нормируемыми показателями качества среды обитания;спортивные сооружения, детские площадки, образовательные и детские учреждения, лечебно-профилактические и оздоровительные учреждения общего пользования. В санитарно-защитной зоне и на территории объектов других отраслей промышленности не допускается размещать объекты по производству лекарственных веществ, лекарственных средств и (или) лекарственных форм, склады сырья и полупродуктов для фармацевтических предприятий; объекты пищевых отраслей промышленности, оптовые склады продовольственного сырья и пищевых продуктов, комплексы водопроводных сооружений для подготовки и хранения питьевой воды, которые могут повлиять на качество продукции. Санитарно-защитная зона или какая-либо ее часть не может рассматриваться как резервная территория объекта и использоваться для расширения промышленной или жилой территории без соответствующей корректировки границ санитарно-защитной зоны.</content_restrict_encumbrances><underlying_docs><underlying_document><document_code><code>558401029900</code><value>Иные акты органов государственной власти или органов местного самоуправления</value></document_code><document_name>Решение №136 об установлении размера санитарно-защитной зоны для предприятия по производству алюминиевых профилей АО "ТАТПРОФ"</document_name><document_number>11/11994</document_number><document_date>2016-06-06</document_date><document_issuer>Главный государственный санитарный врач по Республике Татарстан (Татарстан)</document_issuer></underlying_document></underlying_docs><starting_date>2017-09-20</starting_date></restriction_encumbrance><restriction_encumbrance><encumbrance_type><code>022004000000</code><value>Ограничения прав на земельный участок, предусмотренные статьей 56 Земельного кодекса Российской Федерации</value></encumbrance_type><part_number>5</part_number><cad_link><reg_number_border><number>16:00-6.4121</number><name_by_doc>Санитарно-защитная зона производственной базы (АБЗ) Челнинского филиала АО "Татавтодор"</name_by_doc><type_zone><code>218020030005</code><value>Санитарно-защитная зона предприятий, сооружений и иных объектов</value></type_zone></reg_number_border></cad_link><content_restrict_encumbrances>Ограничения установлены согласно п.2 Решения Об установлении санитарно-защитной зоны для асфальтобетонного завода (АБЗ) Челнинского филиала АО "Татавтодор" от 29.04.2019 г. №133-РС33 Федеральной службы по надзору в сфере защиты прав потребителей и благополучия человека: 2. Установить ограничения использования земельных участков, расположенных в границах санитарно-защитной зоны для асфальто-бетонного завода (АБЗ) Челнинского филиала АО "Татавтодор", согласно которым не допускается использование земельных участков в границах указанной санитарно-защитной зоны в целях: 2.1. размещения жилой застройки, объектов образовательного и медицинского назначения, спортивных сооружений открытого типа, организаций отдыха детей и их оздоровления, зон рекреационного назначения и для ведения дачного хозяйства и садоводства; 2.2. размещения объектов для производства и хранения лекарственных средств, объектов пищевых отраслей промышленности, оптовых складов продовольственного сырья и пищевой продукции, комплексов водопроводных сооружений для подготовки и хранения питьевой воды, использования земельных участков в целях производства, хранения и переработки сельскохозяйственной продукции, предназначенной для дальнейшего использования в качестве пищевой продукции.</content_restrict_encumbrances><underlying_docs><underlying_document><document_code><code>558402990000</code><value>Иной документ</value></document_code><document_name>Об установлении санитарно-защитной зоны объекта Асфальтобетонный завод (АБЗ) Челнинского филиала АО "Татавтодор", расположенного по адресу: Российская Федерация, Республика Татарстан, г.Набережные Челны, район БСИ</document_name><document_number>02/9365-2020-27</document_number><document_date>2020-05-14</document_date><document_issuer>Управление Роспотребнадзора по Республике Татарстан</document_issuer></underlying_document></underlying_docs><starting_date>2021-01-26</starting_date></restriction_encumbrance><restriction_encumbrance><encumbrance_type><code>022004000000</code><value>Ограничения прав на земельный участок, предусмотренные статьей 56 Земельного кодекса Российской Федерации</value></encumbrance_type><part_number>6</part_number><cad_link><reg_number_border><number>16:39-6.2604</number><name_by_doc>Третья подзона приаэродромной территории аэродрома гражданской авиации Нижнекамск (Бегишево)</name_by_doc><type_zone><code>218020020005</code></type_zone></reg_number_border></cad_link><content_restrict_encumbrances>В пределах третьей подзоны приаэродромной территории запрещается размещать объекты, высота которых превышает ограничения, установленные уполномоченным Правительством Российской Федерации федеральным органом исполнительной власти при установлении соответствующей приаэродромной территории. Для объектов недвижимости, права на которые возникли у граждан или юридических лиц до установления приаэродромной территории, и объектов, в отношении которых выдано разрешение на строительство до установления приаэродромной территории (далее – существующие объекты) в целях сохранения законных прав граждан и юридических лиц и обеспечения безопасности полётов в случае превышения установленных ограничений по предельной абсолютной высоте существующих объектов, на каждый существующий объект необходимо наличие согласования строительства объекта в границах приаэродромной территории, выданного уполномоченным органом (далее – Согласование строительства) и документа, подтверждающего отсутствие влияния объекта капитального строительства на безопасность полётов, в том числе и документа, подтверждающего отсутствие влияния объекта капитального строительства на безопасность полётов, в том числе на работу средств радиотехнического обеспечения полётов воздушных судов, подготовленного специализированной организацией, либо научно-исследовательским институтом гражданской авиации, в соответствии с порядком, установленным действующим законодательством РФ (аэронавигационное рассмотрение).</content_restrict_encumbrances><underlying_docs><underlying_document><document_code><code>558402990000</code><value>Иной документ</value></document_code><document_name>Приказ Росавиации от 18.02.2020 № 195-П "Об установлении приаэродромной территории аэродрома Бегишево (Нижнекамск)"</document_name><document_number>195-П</document_number><document_date>2020-02-18</document_date><document_issuer>ФЕДЕРАЛЬНОЕ АГЕНТСТВО ВОЗДУШНОГО ТРАНСПОРТА (Росавиация)</document_issuer></underlying_document></underlying_docs><starting_date>2023-09-15</starting_date></restriction_encumbrance><restriction_encumbrance><encumbrance_type><code>022004000000</code><value>Ограничения прав на земельный участок, предусмотренные статьей 56 Земельного кодекса Российской Федерации</value></encumbrance_type><part_number>7</part_number><cad_link><reg_number_border><number>16:39-6.2607</number><name_by_doc>Пятая подзона Приаэродромной территории АО «АЭРОПОРТ БЕГИШЕВО»</name_by_doc><type_zone><code>218020020005</code><value>Охранная зона транспорта</value></type_zone></reg_number_border></cad_link><content_restrict_encumbrances>В пределах пятой подзоны приаэродромной территории запрещается: 1. размещать опасные производственные объекты, определенные Федеральным законом "О промышленной безопасности опасных производственных объектов" № 116-ФЗ, функционирование которых может повлиять на безопасность полетов воздушных судов. 2. вводятся ограничения на строительство опасных производственных объектов, не относящихся к инфраструктуре аэропорта: складов нефти и нефтепродуктов, магистральных трубопроводов: газопроводов, нефтепроводов, нефтепродуктопроводов и сооружений на них. 3. магистральные газопроводы и сооружения на них, из которых возможен выброс или утечка газа в атмосферу, должны располагаться за пределами полос воздушных подходов к аэродромам. Другие опасные производственные объекты, определенные Федеральным законом "О промышленной безопасности опасных производственных объектов", функционирование которых может повлиять на безопасность полетов воздушных судов (компрессорные станции магистральных газопроводов, магистральные трубопроводы сжиженных углеводородных газов, склады вооружений и боеприпасов, АЭС и т.п.) должны располагаться на удалении от границы пятой подзоны, определённом с учетом максимального радиуса зон поражения в случаях происшествий техногенного характера на опасных производственных объектах. Отсутствие влияния на безопасность воздушных судов в границах пятой подзоны приаэродромной территории аэродрома устанавливается на основании декларации промышленной безопасности опасного производственного объекта I -II класса, подготовленной в соответствии с Федеральным законом «О промышленной безопасности опасных производственных объектов (с изменениями на 7 марта 2017 года)» № 116-ФЗ. При невозможности соблюдения нормативных расстояний сооружение опасных производственных объектов должно выполняться на основании специальных технических условий (СТУ), разработанных для конкретного объекта капитального строительства, и содержащих дополнительные технические требования, обеспечивающие безопасную эксплуатацию и функционирование объектов и сооружений.</content_restrict_encumbrances><underlying_docs><underlying_document><document_code><code>558402990000</code><value>Иной документ</value></document_code><document_name>Приказ Росавиации от 18.02.2020 № 195-П "Об установлении приаэродромной территории аэродрома Бегишево (Нижнекамск)"</document_name><document_number>195-П</document_number><document_date>2020-02-18</document_date><document_issuer>ФЕДЕРАЛЬНОЕ АГЕНТСТВО ВОЗДУШНОГО ТРАНСПОРТА (Росавиация)</document_issuer></underlying_document></underlying_docs><starting_date>2024-03-06</starting_date></restriction_encumbrance><restriction_encumbrance><encumbrance_type><code>022004000000</code><value>Ограничения прав на земельный участок, предусмотренные статьей 56 Земельного кодекса Российской Федерации</value></encumbrance_type><part_number>8</part_number><cad_link><reg_number_border><number>16:39-6.2605</number><name_by_doc>Приаэродромная территория аэродрома гражданской авиации Нижнекамск (Бегишево)</name_by_doc><type_zone><code>218020020005</code></type_zone></reg_number_border></cad_link><content_restrict_encumbrances>в пределах Приаэродромной территории (в целях обеспечения безопасности полетов и исключения вредного воздействия на здоровье людей и деятельность организаций) устанавливается зона с особыми условиями использования территории (ЗОУИТ) в составе семи подзон</content_restrict_encumbrances><underlying_docs><underlying_document><document_code><code>558402990000</code><value>Иной документ</value></document_code><document_name>Приказ "Об установлении приаэродромной территории аэродрома аэродрома Бегишево (Нижнекамск)"</document_name><document_number>195-П</document_number><document_date>2020-02-18</document_date><document_issuer>ФЕДЕРАЛЬНОЕ АГЕНТСТВО ВОЗДУШНОГО ТРАНСПОРТА (Росавиация)</document_issuer></underlying_document></underlying_docs><starting_date>2024-05-20</starting_date></restriction_encumbrance></restrictions_encumbrances></land_record><right_records><right_record><record_info><registration_date>2013-07-01T00:00:00+04:00</registration_date></record_info><right_data><right_type><code>001001000000</code><value>Собственность</value></right_type><right_number>16-16-32/079/2013-86</right_number></right_data><right_holders><right_holder><legal_entity><entity><resident><name>Общество с ограниченной ответственностью "Логистика"</name><inn>1655116375</inn><ogrn>1061655063733</ogrn></resident></entity></legal_entity></right_holder></right_holders></right_record></right_records><recipient_statement>высоцкий иван юрьевич</recipient_statement><status>Сведения об объекте недвижимости имеют статус "актуальные, ранее учтенные"</status></extract_about_property_land>